Appointment Date,Booked Date,Invoice No,Guest Name,Service Name,Center Name,Start Time,End Time,Scheduled Service Duration,Scheduled Service and Recovery Duration,Recovery Time,Provider,Room,Status,Gender,Email,Add-on,Service Category,Rebooked,Rebooking Source,Booking Source,Appointment Category,Appointment Notes,Booked By
2/19/2026,12/18/2025,FLM-R7606,Jennifer Walker,LHR - L - Full Brazilian,Flower Mound,2/19/2026 11:00 AM,2/19/2026 11:00 AM,0:00,0:00,0:00,"Diana Miranda, NP",,Open,Female,ethomas@example.net,Yes,Laser Hair Removal,Yes,No,Zenoti,,,"Kimberly Sanchez, LME"
2/19/2026,12/18/2025,FLM-R7606,Jennifer Walker,Numbing Time - 15 minutes,Flower Mound,2/19/2026 10:00 AM,2/19/2026 10:15 AM,0:15,0:15,0:00,"Diana Miranda, NP",,Open,Female,ethomas@example.net,No,Skin Rejuvenation,Yes,No,Zenoti,,,"Kimberly Sanchez, LME"
2/19/2026,12/18/2025,FLM-R7606,Jennifer Walker,Laser Hair Removal-  Small Area,Flower Mound,2/19/2026 12:00 PM,2/19/2026 12:15 PM,0:15,0:15,0:00,"Diana Miranda, NP",,Open,Female,ethomas@example.net,No,Laser Hair Removal,Yes,No,Zenoti,,,"Kimberly Sanchez, LME"
2/19/2026,12/18/2025,FLM-R7606,Jennifer Walker,LHR - L - Lower Legs,Flower Mound,2/19/2026 11:00 AM,2/19/2026 11:00 AM,0:00,0:00,0:00,"Diana Miranda, NP",,Open,Female,ethomas@example.net,Yes,Laser Hair Removal,Yes,No,Zenoti,,,"Kimberly Sanchez, LME"
2/19/2026,12/18/2025,FLM-R7606,Jennifer Walker,Laser Hair Removal - Large Area,Flower Mound,2/19/2026 11:00 AM,2/19/2026 12:00 PM,1:00,1:00,0:00,"Diana Miranda, NP",,Open,Female,ethomas@example.net,No,Laser Hair Removal,Yes,No,Zenoti,,,"Kimberly Sanchez, LME"
2/19/2026,12/18/2025,FLM-R7615,Jasmine Robinson,Numbing Time - 15 minutes,Flower Mound,2/19/2026 5:15 PM,2/19/2026 5:30 PM,0:15,0:15,0:00,"Kimberly Sanchez, LME",,Open,Female,seanpatel@example.com,No,Skin Rejuvenation,Yes,No,Zenoti,,,"Adriene Hernandez, LME"
2/19/2026,12/18/2025,FLM-R7615,Jasmine Robinson,Microneedling - Face,Flower Mound,2/19/2026 5:30 PM,2/19/2026 6:30 PM,1:00,1:00,0:00,"Kimberly Sanchez, LME",,Open,Female,seanpatel@example.com,No,Skin Rejuvenation,Yes,No,Zenoti,,,"Adriene Hernandez, LME"
2/19/2026,1/14/2026,FLM-R8197,Jose Moore,Chemical Peel,Flower Mound,2/19/2026 10:00 AM,2/19/2026 10:30 AM,0:30,0:30,0:00,"Adriene Hernandez, LME",,Open,Not provided,nicholas44@example.net,No,Skin Rejuvenation,Yes,No,Zenoti,,,"Adriene Hernandez, LME"
2/18/2026,1/7/2026,FLM-R8006,Brian Smith,RF Microneedling - Morpheus8,Flower Mound,2/18/2026 11:00 AM,2/18/2026 12:15 PM,1:15,1:15,0:00,"Diana Miranda, NP",,Open,Female,tylerturner@example.com,No,Skin Rejuvenation,Yes,No,Zenoti,,,Marley Leach
2/18/2026,1/7/2026,FLM-R8006,Brian Smith,Numbing Time - 15 minutes,Flower Mound,2/18/2026 10:15 AM,2/18/2026 10:30 AM,0:15,0:15,0:00,"Diana Miranda, NP",,Open,Female,tylerturner@example.com,No,Skin Rejuvenation,Yes,No,Zenoti,,,Marley Leach
2/18/2026,1/8/2026,FLM-R8052,Jesse Jenkins,VIO Signature Facial,Flower Mound,2/18/2026 4:30 PM,2/18/2026 5:30 PM,1:00,1:00,0:00,"Adriene Hernandez, LME",,Open,Female,millerashley@example.net,No,Spa Services,Yes,No,Zenoti,,,"Adriene Hernandez, LME"
2/17/2026,1/6/2026,FLM-R7993,Mark Cunningham,Numbing Time - 15 minutes,Flower Mound,2/17/2026 5:00 PM,2/17/2026 5:15 PM,0:15,0:15,0:00,"Diana Miranda, NP",,Open,Female,nicholasshaw@example.net,No,Skin Rejuvenation,Yes,No,Zenoti,,,Marley Leach
2/17/2026,1/6/2026,FLM-R7993,Mark Cunningham,PRP Microneedling - Face & Neck,Flower Mound,2/17/2026 6:00 PM,2/17/2026 7:00 PM,1:00,1:00,0:00,"Diana Miranda, NP",,Open,Female,nicholasshaw@example.net,No,Skin Rejuvenation,Yes,No,Zenoti,,,Marley Leach
2/17/2026,1/14/2026,FLM-R8199,Christopher Brown,Glo2Facial by Geneo,Flower Mound,2/17/2026 6:00 PM,2/17/2026 7:00 PM,1:00,1:00,0:00,"Kimberly Sanchez, LME",,Open,Female,samanthahowe@example.net,No,Spa Services,No,No,Zenoti,,,"Adriene Hernandez, LME"
2/17/2026,1/14/2026,FLM-R8218,Angela Lopez,Elite Upgrade,Flower Mound,2/17/2026 4:30 PM,2/17/2026 4:30 PM,0:00,0:00,0:00,"Kimberly Sanchez, LME",,Open,Male,hollygood@example.org,Yes,Spa Services,Yes,No,Zenoti,,,Lauren Oxley
2/17/2026,1/14/2026,FLM-R8218,Angela Lopez,Glo2Facial by Geneo,Flower Mound,2/17/2026 4:30 PM,2/17/2026 5:45 PM,1:15,1:15,0:00,"Kimberly Sanchez, LME",,Open,Male,hollygood@example.org,No,Spa Services,Yes,No,Zenoti,,,Lauren Oxley
2/16/2026,1/12/2026,FLM-R8139,Christian Dominguez,Laser Hair Removal - Extra Small Area,Flower Mound,2/16/2026 12:00 PM,2/16/2026 12:15 PM,0:15,0:15,0:00,"Michelle Henson-Babbitt, RN",,Open,Female,ysolomon@example.net,No,Laser Hair Removal,Yes,No,Zenoti,,,Lauren Oxley
2/16/2026,1/12/2026,FLM-R8139,Christian Dominguez,LHR - XS - Upper Lip & Chin,Flower Mound,2/16/2026 12:00 PM,2/16/2026 12:00 PM,0:00,0:00,0:00,"Michelle Henson-Babbitt, RN",,Open,Female,ysolomon@example.net,Yes,Laser Hair Removal,Yes,No,Zenoti,,,Lauren Oxley
2/16/2026,1/15/2026,FLM-R8255,Robert Collins,Laser Hair Removal - Extra Small Area,Flower Mound,2/16/2026 12:15 PM,2/16/2026 12:30 PM,0:15,0:15,0:00,"Michelle Henson-Babbitt, RN",,Open,Female,kurt42@example.com,No,Laser Hair Removal,Yes,No,Zenoti,,guest is aware LHR is w/ Michelle. not rebecca-LO,Lauren Oxley
2/14/2026,1/10/2026,FLM-R8097,Rebecca Thompson,Glo2Facial by Geneo,Flower Mound,2/14/2026 10:00 AM,2/14/2026 11:15 AM,1:15,1:15,0:00,"Adriene Hernandez, LME",,Open,Female,stephen07@example.net,No,Spa Services,Yes,No,Zenoti,,extra time for this appt- may purchase microneedling too-LO,Lauren Oxley
2/14/2026,1/10/2026,FLM-R8098,Elizabeth Cherry,VIO Signature Facial,Flower Mound,2/14/2026 9:00 AM,2/14/2026 10:00 AM,1:00,1:00,0:00,"Adriene Hernandez, LME",,Open,Female,oleach@example.net,No,Spa Services,No,No,Zenoti,,,Marley Leach
2/14/2026,1/10/2026,FLM-R8096,Angela Smith,Glo2Facial by Geneo,Flower Mound,2/14/2026 9:00 AM,2/14/2026 10:00 AM,1:00,1:00,0:00,"Kimberly Sanchez, LME",,Open,Female,moorejason@example.net,No,Spa Services,Yes,No,Zenoti,,,Marley Leach
2/14/2026,1/9/2026,FLM-R8063,Matthew Davenport,Microneedling - Face,Flower Mound,2/14/2026 12:00 PM,2/14/2026 1:00 PM,1:00,1:00,0:00,"Kimberly Sanchez, LME",,Open,Not provided,dicksonshannon@example.com,No,Skin Rejuvenation,Yes,No,Zenoti,,,Marley Leach
2/14/2026,1/9/2026,FLM-R8063,Matthew Davenport,Numbing Time - 15 minutes,Flower Mound,2/14/2026 11:00 AM,2/14/2026 11:15 AM,0:15,0:15,0:00,"Kimberly Sanchez, LME",,Open,Not provided,dicksonshannon@example.com,No,Skin Rejuvenation,Yes,No,Zenoti,,,Marley Leach
2/14/2026,1/17/2026,FLM-R8314,Melvin Morris,Microneedling - Face,Flower Mound,2/14/2026 1:00 PM,2/14/2026 2:00 PM,1:00,1:00,0:00,"Kimberly Sanchez, LME",,Open,Female,dawnwilliams@example.com,No,Skin Rejuvenation,Yes,No,Mobile-CMA,,,Nicole Axtman
2/13/2026,12/27/2025,FLM-R7801,Daniel Lawrence,LHR - M - Face,Flower Mound,2/13/2026 10:00 AM,2/13/2026 10:00 AM,0:00,0:00,0:00,"Diana Miranda, NP",,Open,Female,willisjerry@example.org,Yes,Laser Hair Removal,Yes,No,Zenoti,,,Marley Leach
2/13/2026,12/27/2025,FLM-R7801,Daniel Lawrence,Laser Hair Removal - Medium Area,Flower Mound,2/13/2026 10:00 AM,2/13/2026 10:30 AM,0:30,0:30,0:00,"Diana Miranda, NP",,Open,Female,willisjerry@example.org,No,Laser Hair Removal,Yes,No,Zenoti,,,Marley Leach
2/13/2026,1/9/2026,FLM-R8072,Joshua Aguirre,Numbing Time - 15 minutes,Flower Mound,2/13/2026 10:30 AM,2/13/2026 10:45 AM,0:15,0:15,0:00,"Diana Miranda, NP",,Open,Female,pamela64@example.com,No,Skin Rejuvenation,Yes,No,Zenoti,,,Marley Leach
2/13/2026,1/9/2026,FLM-R8072,Joshua Aguirre,RF Microneedling - Morpheus8,Flower Mound,2/13/2026 11:30 AM,2/13/2026 12:45 PM,1:15,1:15,0:00,"Diana Miranda, NP",,Open,Female,pamela64@example.com,No,Skin Rejuvenation,Yes,No,Zenoti,,,Marley Leach
2/13/2026,1/16/2026,FLM-R8284,Kayla Smith,HydraFacial,Flower Mound,2/13/2026 3:00 PM,2/13/2026 4:00 PM,1:00,1:00,0:00,"Kimberly Sanchez, LME",,Open,Not provided,umaxwell@example.org,No,Spa Services,Yes,No,Zenoti,,,Marley Leach
2/12/2026,12/4/2025,FLM-R7314,Nicholas Peterson,Laser Hair Removal - Extra Large Area,Flower Mound,2/12/2026 5:30 PM,2/12/2026 6:30 PM,1:00,1:00,0:00,"Rebecca Bievenue, RN",,Open,Female,mperkins@example.net,No,Laser Hair Removal,Yes,No,Zenoti,,,Lauren Oxley
2/12/2026,12/4/2025,FLM-R7314,Nicholas Peterson,Laser Hair Removal - Large Area,Flower Mound,2/12/2026 6:45 PM,2/12/2026 7:30 PM,0:45,0:45,0:00,"Rebecca Bievenue, RN",,Open,Female,mperkins@example.net,No,Laser Hair Removal,Yes,No,Zenoti,,,Lauren Oxley
2/12/2026,12/4/2025,FLM-R7314,Nicholas Peterson,LHR - XL - Full Legs,Flower Mound,2/12/2026 5:30 PM,2/12/2026 5:30 PM,0:00,0:00,0:00,"Rebecca Bievenue, RN",,Open,Female,mperkins@example.net,Yes,Laser Hair Removal,Yes,No,Zenoti,,,Lauren Oxley
2/12/2026,12/4/2025,FLM-R7314,Nicholas Peterson,Laser Hair Removal - Extra Small Area,Flower Mound,2/12/2026 6:30 PM,2/12/2026 6:45 PM,0:15,0:15,0:00,"Rebecca Bievenue, RN",,Open,Female,mperkins@example.net,No,Laser Hair Removal,Yes,No,Zenoti,,,Lauren Oxley
2/12/2026,1/7/2026,FLM-R8012,Lisa Grant,GLP-1 Therapy,Flower Mound,2/12/2026 12:30 PM,2/12/2026 12:45 PM,0:15,0:15,0:00,"Diana Miranda, NP",,Open,Female,hmills@example.org,No,Wellness,Yes,No,Zenoti,,,Marley Leach
2/12/2026,1/7/2026,FLM-R8012,Lisa Grant,HydraFacial,Flower Mound,2/12/2026 11:30 AM,2/12/2026 12:30 PM,1:00,1:00,0:00,"Adriene Hernandez, LME",,Open,Female,hmills@example.org,No,Spa Services,Yes,No,Zenoti,,,Marley Leach
2/12/2026,12/27/2025,FLM-R7811,Shelia Garrison,IPL - Lumecca,Flower Mound,2/12/2026 4:45 PM,2/12/2026 7:00 PM,2:15,2:15,0:00,"Diana Miranda, NP",,Open,Female,adamrubio@example.org,No,Skin Rejuvenation,Yes,No,Zenoti,,"arms, hands, face, neck, legs",Marley Leach
2/12/2026,12/27/2025,FLM-R7811,Shelia Garrison,IPL - Large Area (Lumecca),Flower Mound,2/12/2026 4:45 PM,2/12/2026 4:45 PM,0:00,0:00,0:00,"Diana Miranda, NP",,Open,Female,adamrubio@example.org,Yes,Skin Rejuvenation,Yes,No,Zenoti,,"arms, hands, face, neck, legs",Marley Leach
2/12/2026,12/27/2025,FLM-R7811,Shelia Garrison,IPL - Face & Neck (Lumecca),Flower Mound,2/12/2026 4:45 PM,2/12/2026 4:45 PM,0:00,0:00,0:00,"Diana Miranda, NP",,Open,Female,adamrubio@example.org,Yes,Skin Rejuvenation,Yes,No,Zenoti,,"arms, hands, face, neck, legs",Marley Leach
2/12/2026,12/6/2025,FLM-R7359,Shelia Garrison,IPL - Small Area (Lumecca),Flower Mound,2/12/2026 3:45 PM,2/12/2026 3:45 PM,0:00,0:00,0:00,"Diana Miranda, NP",,Open,Female,adamrubio@example.org,Yes,Skin Rejuvenation,Yes,No,Zenoti,,2nd of 3 treatments on arms/hands; Rebecca needs full hour-LO,Lauren Oxley
2/12/2026,12/6/2025,FLM-R7359,Shelia Garrison,IPL - Lumecca,Flower Mound,2/12/2026 3:45 PM,2/12/2026 4:45 PM,1:00,1:00,0:00,"Diana Miranda, NP",,Open,Female,adamrubio@example.org,No,Skin Rejuvenation,Yes,No,Zenoti,,2nd of 3 treatments on arms/hands; Rebecca needs full hour-LO,Lauren Oxley
2/12/2026,1/15/2026,FLM-R8238,Alyssa Hughes,HydraFacial,Flower Mound,2/12/2026 3:00 PM,2/12/2026 4:00 PM,1:00,1:00,0:00,"Kimberly Sanchez, LME",,Open,Female,ymalone@example.com,No,Spa Services,Yes,No,Zenoti,,,"Adriene Hernandez, LME"
2/12/2026,1/15/2026,FLM-R8251,Thomas Moore,Kybella,Flower Mound,2/12/2026 10:00 AM,2/12/2026 11:00 AM,1:00,1:00,0:00,"Rebecca Bievenue, RN",,Open,Female,imckinney@example.com,No,Injectables,Yes,No,Zenoti,,,"Adriene Hernandez, LME"
2/11/2026,12/17/2025,FLM-R7578,Benjamin Stewart,Sculptra,Flower Mound,2/11/2026 4:00 PM,2/11/2026 5:00 PM,1:00,1:00,0:00,"Diana Miranda, NP",,Open,Female,wrichards@example.com,No,Injectables,No,No,Zenoti,,,"Adriene Hernandez, LME"
2/11/2026,1/2/2026,FLM-R7911,Richard Lowe,Consultation - Wellness Lab Review,Flower Mound,2/11/2026 3:15 PM,2/11/2026 4:00 PM,0:45,0:45,0:00,"Diana Miranda, NP",,Open,Female,james22@example.com,No,Consultation,Yes,No,Zenoti,,,Marley Leach
2/11/2026,1/13/2026,FLM-R8182,Jennifer Garcia,PRP Microneedling - Face,Flower Mound,2/11/2026 2:00 PM,2/11/2026 2:45 PM,0:45,0:45,0:00,"Diana Miranda, NP",,Open,Female,dianaewing@example.net,No,Skin Rejuvenation,Yes,No,Zenoti,,if someone cancels under move her appt down- ah,"Adriene Hernandez, LME"
2/11/2026,1/14/2026,FLM-R8182,Jennifer Garcia,GLP-1 Therapy,Flower Mound,2/11/2026 1:45 PM,2/11/2026 2:00 PM,0:15,0:15,0:00,"Diana Miranda, NP",,Open,Female,dianaewing@example.net,No,Wellness,Yes,No,Zenoti,,if someone cancels under move her appt down- ah,Lauren Oxley
2/11/2026,1/13/2026,FLM-R8182,Jennifer Garcia,Numbing Time - 15 minutes,Flower Mound,2/11/2026 1:30 PM,2/11/2026 1:45 PM,0:15,0:15,0:00,"Diana Miranda, NP",,Open,Female,dianaewing@example.net,No,Skin Rejuvenation,Yes,No,Zenoti,,if someone cancels under move her appt down- ah,"Adriene Hernandez, LME"
2/11/2026,1/14/2026,FLM-R8182,Jennifer Garcia,RF Microneedling - Morpheus8,Flower Mound,2/11/2026 2:45 PM,2/11/2026 3:15 PM,0:30,0:30,0:00,"Diana Miranda, NP",,Open,Female,dianaewing@example.net,No,Skin Rejuvenation,Yes,No,Zenoti,,if someone cancels under move her appt down- ah,Lauren Oxley
2/11/2026,1/14/2026,FLM-R8182,Jennifer Garcia,RF Microneedling - Neck (Morpheus8),Flower Mound,2/11/2026 2:45 PM,2/11/2026 2:45 PM,0:00,0:00,0:00,"Diana Miranda, NP",,Open,Female,dianaewing@example.net,Yes,Skin Rejuvenation,Yes,No,Zenoti,,if someone cancels under move her appt down- ah,Lauren Oxley
2/10/2026,12/2/2025,FLM-R7263,Amanda Smith,Laser Hair Removal - Medium Area,Flower Mound,2/10/2026 4:30 PM,2/10/2026 5:00 PM,0:30,0:30,0:00,"Diana Miranda, NP",,Open,Female,timothy35@example.com,No,Laser Hair Removal,Yes,No,Zenoti,,,Lauren Oxley
2/10/2026,12/2/2025,FLM-R7263,Amanda Smith,LHR - M - Lower Arms,Flower Mound,2/10/2026 4:30 PM,2/10/2026 4:30 PM,0:00,0:00,0:00,"Diana Miranda, NP",,Open,Female,timothy35@example.com,Yes,Laser Hair Removal,Yes,No,Zenoti,,,Lauren Oxley
2/10/2026,1/14/2026,FLM-R8210,Jeffrey Nelson,Glo2Facial by Geneo,Flower Mound,2/10/2026 12:00 PM,2/10/2026 1:00 PM,1:00,1:00,0:00,"Adriene Hernandez, LME",,Open,Female,amy11@example.com,No,Spa Services,Yes,No,Zenoti,,,Lauren Oxley
2/7/2026,12/15/2025,FLM-R7540,Daniel Campbell,LHR - XL - Full Brazilian & Buttocks,Flower Mound,2/7/2026 12:00 PM,2/7/2026 12:00 PM,0:00,0:00,0:00,"Rebecca Bievenue, RN",,Open,Female,fmathews@example.com,Yes,Laser Hair Removal,Yes,No,Zenoti,,,Lauren Oxley
2/7/2026,12/15/2025,FLM-R7540,Daniel Campbell,LHR - S - Underarms,Flower Mound,2/7/2026 12:45 PM,2/7/2026 12:45 PM,0:00,0:00,0:00,"Rebecca Bievenue, RN",,Open,Female,fmathews@example.com,Yes,Laser Hair Removal,Yes,No,Zenoti,,,Lauren Oxley
2/7/2026,12/15/2025,FLM-R7540,Daniel Campbell,Laser Hair Removal - Extra Large Area,Flower Mound,2/7/2026 12:00 PM,2/7/2026 12:45 PM,0:45,0:45,0:00,"Rebecca Bievenue, RN",,Open,Female,fmathews@example.com,No,Laser Hair Removal,Yes,No,Zenoti,,,Lauren Oxley
2/7/2026,12/15/2025,FLM-R7540,Daniel Campbell,Laser Hair Removal-  Small Area,Flower Mound,2/7/2026 12:45 PM,2/7/2026 1:00 PM,0:15,0:15,0:00,"Rebecca Bievenue, RN",,Open,Female,fmathews@example.com,No,Laser Hair Removal,Yes,No,Zenoti,,,Lauren Oxley
2/7/2026,12/27/2025,FLM-R7797,Katrina Wood MD,Laser Hair Removal - Extra Small Area,Flower Mound,2/7/2026 1:00 PM,2/7/2026 1:15 PM,0:15,0:15,0:00,"Rebecca Bievenue, RN",,Open,Female,dalesantos@example.net,No,Laser Hair Removal,Yes,No,Zenoti,,,"Adriene Hernandez, LME"
2/7/2026,12/29/2025,FLM-R7835,Michael Wallace,Laser Hair Removal - Extra Small Area,Flower Mound,2/7/2026 9:30 AM,2/7/2026 9:45 AM,0:15,0:15,0:00,"Rebecca Bievenue, RN",,Open,Female,glowery@example.net,No,Laser Hair Removal,No,No,Zenoti-Mobile,,,"Rebecca Bievenue, RN"
2/7/2026,1/10/2026,FLM-R8094,Michael Warren,Glo2Facial by Geneo,Flower Mound,2/7/2026 9:00 AM,2/7/2026 10:00 AM,1:00,1:00,0:00,"Kimberly Sanchez, LME",,Open,Female,knightcourtney@example.org,No,Spa Services,Yes,No,Zenoti,,unsure what facial she wants,Marley Leach
2/7/2026,1/10/2026,FLM-R8106,Shelia Garrison,HydraFacial,Flower Mound,2/7/2026 12:00 PM,2/7/2026 1:00 PM,1:00,1:00,0:00,"Kimberly Sanchez, LME",,Open,Female,adamrubio@example.org,No,Spa Services,Yes,No,Zenoti,,,Marley Leach
2/7/2026,1/10/2026,FLM-R8110,Caitlin Holmes,HydraFacial,Flower Mound,2/7/2026 1:00 PM,2/7/2026 2:00 PM,1:00,1:00,0:00,"Kimberly Sanchez, LME",,Open,Female,cameronamber@example.org,No,Spa Services,Yes,No,Zenoti,,,Lauren Oxley
2/7/2026,11/15/2025,FLM-R6907,Keith Jimenez,Numbing Time - 15 minutes,Flower Mound,2/7/2026 9:00 AM,2/7/2026 9:15 AM,0:15,0:15,0:00,"Rebecca Bievenue, RN",,Open,Female,andrew05@example.net,No,Skin Rejuvenation,Yes,No,Zenoti,,,Lauren Oxley
2/7/2026,11/15/2025,FLM-R6907,Keith Jimenez,Laser Hair Removal - Large Area,Flower Mound,2/7/2026 9:45 AM,2/7/2026 10:30 AM,0:45,0:45,0:00,"Rebecca Bievenue, RN",,Open,Female,andrew05@example.net,No,Laser Hair Removal,Yes,No,Zenoti,,,Lauren Oxley
2/7/2026,11/15/2025,FLM-R6907,Keith Jimenez,LHR - L - Lower Legs,Flower Mound,2/7/2026 9:45 AM,2/7/2026 9:45 AM,0:00,0:00,0:00,"Rebecca Bievenue, RN",,Open,Female,andrew05@example.net,Yes,Laser Hair Removal,Yes,No,Zenoti,,,Lauren Oxley
2/7/2026,1/17/2026,FLM-R8293,Jesse Walter,HydraFacial,Flower Mound,2/7/2026 10:00 AM,2/7/2026 11:00 AM,1:00,1:00,0:00,"Kimberly Sanchez, LME",,Open,Female,ncarson@example.com,No,Spa Services,Yes,No,Zenoti,,,Marley Leach
2/7/2026,1/17/2026,FLM-R8299,Lauren Gill,Two-Week Follow-Up for Wrinkle Relaxer Enhancement,Flower Mound,2/7/2026 9:15 AM,2/7/2026 9:30 AM,0:15,0:15,0:00,"Rebecca Bievenue, RN",,Open,Not provided,zdecker@example.org,No,Injectables,Yes,No,Zenoti,,,Marley Leach
2/7/2026,1/2/2026,FLM-R7902,Marissa Williams,Good Faith Exam - 15 Minutes,Flower Mound,2/7/2026 1:15 PM,2/7/2026 1:30 PM,0:15,0:15,0:00,"Rebecca Bievenue, RN",,Open,Female,davidanderson@example.net,No,Consultation,Yes,No,Zenoti-Mobile,,,Marley Leach
2/7/2026,1/2/2026,FLM-R7902,Marissa Williams,Wrinkle Relaxer (Botox/Dysport/Xeomin/Jeuveau/Daxxify),Flower Mound,2/7/2026 1:30 PM,2/7/2026 2:00 PM,0:30,0:30,0:00,"Rebecca Bievenue, RN",,Open,Female,davidanderson@example.net,No,Injectables,Yes,No,Zenoti-Mobile,,,Marley Leach
2/6/2026,1/3/2026,FLM-R7927,Jacob Hernandez,HydraFacial,Flower Mound,2/6/2026 11:00 AM,2/6/2026 12:00 PM,1:00,1:00,0:00,"Adriene Hernandez, LME",,Open,Female,stevenwest@example.org,No,Spa Services,No,No,Zenoti,,$169 new client offer,Role May Yaoyao Bayron
2/6/2026,1/3/2026,FLM-R7934,Alexis Mendoza,HydraFacial,Flower Mound,2/6/2026 12:00 PM,2/6/2026 1:00 PM,1:00,1:00,0:00,"Adriene Hernandez, LME",,Open,Female,melissareynolds@example.net,No,Spa Services,Yes,No,Zenoti,,,Marley Leach
2/6/2026,1/9/2026,FLM-R8071,Mary Hudson,HydraFacial,Flower Mound,2/6/2026 10:00 AM,2/6/2026 11:00 AM,1:00,1:00,0:00,"Kimberly Sanchez, LME",,Open,Not provided,ryanwilliams@example.org,No,Spa Services,Yes,No,Zenoti,,,Marley Leach
2/5/2026,10/16/2025,FLM-R6296,Mary Munoz DVM,Wrinkle Relaxer (Botox/Dysport/Xeomin/Jeuveau/Daxxify),Flower Mound,2/5/2026 5:30 PM,2/5/2026 6:00 PM,0:30,0:30,0:00,"Diana Miranda, NP",,Open,Female,stephanie56@example.org,No,Injectables,Yes,No,Zenoti,,,"Adriene Hernandez, LME"
2/5/2026,1/8/2026,FLM-R8034,Karen Reeves,GLP-1 Therapy,Flower Mound,2/5/2026 11:00 AM,2/5/2026 11:30 AM,0:30,0:30,0:00,"Diana Miranda, NP",,Open,Female,tallen@example.com,No,Wellness,Yes,No,Zenoti,,,Lauren Oxley
2/5/2026,11/20/2025,FLM-R7014,Stephanie Nguyen,LHR - S - Bikini Line,Flower Mound,2/5/2026 4:00 PM,2/5/2026 4:00 PM,0:00,0:00,0:00,"Rebecca Bievenue, RN",,Open,Female,ivega@example.org,Yes,Laser Hair Removal,Yes,No,Zenoti,,"no alle, evolus, or aspire","Adriene Hernandez, LME"
2/5/2026,11/20/2025,FLM-R7014,Stephanie Nguyen,Laser Hair Removal-  Small Area,Flower Mound,2/5/2026 4:00 PM,2/5/2026 4:30 PM,0:30,0:30,0:00,"Rebecca Bievenue, RN",,Open,Female,ivega@example.org,No,Laser Hair Removal,Yes,No,Zenoti,,"no alle, evolus, or aspire","Adriene Hernandez, LME"
2/5/2026,11/20/2025,FLM-R7014,Stephanie Nguyen,LHR - S - Underarms,Flower Mound,2/5/2026 4:00 PM,2/5/2026 4:00 PM,0:00,0:00,0:00,"Rebecca Bievenue, RN",,Open,Female,ivega@example.org,Yes,Laser Hair Removal,Yes,No,Zenoti,,"no alle, evolus, or aspire","Adriene Hernandez, LME"
2/5/2026,1/8/2026,FLM-R8056,Catherine Moore,Two-Week Follow-Up for Wrinkle Relaxer Enhancement,Flower Mound,2/5/2026 6:00 PM,2/5/2026 6:30 PM,0:30,0:30,0:00,"Rebecca Bievenue, RN",,Open,Female,veronica28@example.com,No,Injectables,Yes,No,Zenoti,,,Lauren Oxley
2/5/2026,1/10/2026,FLM-R8107,Deborah Robbins,IPL - Lumecca,Flower Mound,2/5/2026 3:00 PM,2/5/2026 4:15 PM,1:15,1:15,0:00,"Diana Miranda, NP",,Open,Female,johnsonandrew@example.com,No,Skin Rejuvenation,Yes,No,Zenoti,,,Marley Leach
2/5/2026,1/10/2026,FLM-R8107,Deborah Robbins,IPL - Face (Lumecca),Flower Mound,2/5/2026 3:00 PM,2/5/2026 3:00 PM,0:00,0:00,0:00,"Diana Miranda, NP",,Open,Female,johnsonandrew@example.com,Yes,Skin Rejuvenation,Yes,No,Zenoti,,,Marley Leach
2/5/2026,1/15/2026,FLM-R8233,Holly Herrera,HydraFacial,Flower Mound,2/5/2026 10:30 AM,2/5/2026 11:30 AM,1:00,1:00,0:00,"Adriene Hernandez, LME",,Open,Not provided,shawnahoffman@example.net,No,Spa Services,No,No,Zenoti,,new client offer $169,Role May Yaoyao Bayron
2/5/2026,1/17/2026,FLM-R8306,Sara Henderson,Numbing Time - 15 minutes,Flower Mound,2/5/2026 10:00 AM,2/5/2026 10:15 AM,0:15,0:15,0:00,"Rebecca Bievenue, RN",,Open,Female,james63@example.net,No,Skin Rejuvenation,No,No,Zenoti,,,Lauren Oxley
2/5/2026,1/17/2026,FLM-R8306,Sara Henderson,RF Microneedling - Morpheus8,Flower Mound,2/5/2026 11:00 AM,2/5/2026 12:00 PM,1:00,1:00,0:00,"Rebecca Bievenue, RN",,Open,Female,james63@example.net,No,Skin Rejuvenation,No,No,Zenoti,,,Lauren Oxley
2/5/2026,1/17/2026,FLM-R8306,Sara Henderson,RF Microneedling-  Face & Neck (Morpheus8),Flower Mound,2/5/2026 11:00 AM,2/5/2026 11:00 AM,0:00,0:00,0:00,"Rebecca Bievenue, RN",,Open,Female,james63@example.net,Yes,Skin Rejuvenation,No,No,Zenoti,,,Lauren Oxley
2/5/2026,1/17/2026,FLM-R8306,Sara Henderson,Virtual Good Faith Exam,Flower Mound,2/5/2026 10:15 AM,2/5/2026 10:30 AM,0:15,0:15,0:00,"Rebecca Bievenue, RN",,Open,Female,james63@example.net,No,Consultation,No,No,Zenoti,,,Lauren Oxley
2/5/2026,1/17/2026,FLM-R8311,Caitlin Holmes,Two-Week Follow-Up for Wrinkle Relaxer Enhancement,Flower Mound,2/5/2026 5:30 PM,2/5/2026 5:45 PM,0:15,0:15,0:00,"Rebecca Bievenue, RN",,Open,Female,cameronamber@example.org,No,Injectables,Yes,No,Zenoti,,,Marley Leach
2/4/2026,12/3/2025,FLM-R7279,Steve Moore,Laser Hair Removal - Extra Large Area,Flower Mound,2/4/2026 3:30 PM,2/4/2026 4:30 PM,1:00,1:00,0:00,"Diana Miranda, NP",,Open,Not provided,carlos33@example.net,No,Laser Hair Removal,Yes,No,Zenoti,,,"Adriene Hernandez, LME"
2/4/2026,12/17/2025,FLM-R7574,Daniel Martin,LHR - S - Bikini Line,Flower Mound,2/4/2026 10:15 AM,2/4/2026 10:15 AM,0:00,0:00,0:00,"Diana Miranda, NP",,Open,Female,vaughnryan@example.net,Yes,Laser Hair Removal,Yes,No,Zenoti,,,"Adriene Hernandez, LME"
2/4/2026,12/17/2025,FLM-R7574,Daniel Martin,LHR - XS - Upper Lip & Chin,Flower Mound,2/4/2026 10:00 AM,2/4/2026 10:00 AM,0:00,0:00,0:00,"Diana Miranda, NP",,Open,Female,vaughnryan@example.net,Yes,Laser Hair Removal,Yes,No,Zenoti,,,"Adriene Hernandez, LME"
2/4/2026,12/17/2025,FLM-R7574,Daniel Martin,Laser Hair Removal-  Small Area,Flower Mound,2/4/2026 10:15 AM,2/4/2026 10:30 AM,0:15,0:15,0:00,"Diana Miranda, NP",,Open,Female,vaughnryan@example.net,No,Laser Hair Removal,Yes,No,Zenoti,,,"Adriene Hernandez, LME"
2/4/2026,12/17/2025,FLM-R7574,Daniel Martin,Laser Hair Removal - Extra Small Area,Flower Mound,2/4/2026 10:00 AM,2/4/2026 10:15 AM,0:15,0:15,0:00,"Diana Miranda, NP",,Open,Female,vaughnryan@example.net,No,Laser Hair Removal,Yes,No,Zenoti,,,"Adriene Hernandez, LME"
2/3/2026,12/16/2025,FLM-R7558,Jeffrey Davis,LHR - XL - Full Legs,Flower Mound,2/3/2026 11:00 AM,2/3/2026 11:00 AM,0:00,0:00,0:00,"Diana Miranda, NP",,Open,Female,kelseyrangel@example.org,Yes,Laser Hair Removal,Yes,No,Zenoti,,,Lauren Oxley
2/3/2026,12/16/2025,FLM-R7558,Jeffrey Davis,Laser Hair Removal - Medium Area,Flower Mound,2/3/2026 12:45 PM,2/3/2026 1:15 PM,0:30,0:30,0:00,"Diana Miranda, NP",,Open,Female,kelseyrangel@example.org,No,Laser Hair Removal,Yes,No,Zenoti,,,Lauren Oxley
2/3/2026,12/16/2025,FLM-R7558,Jeffrey Davis,LHR - M - Face,Flower Mound,2/3/2026 12:45 PM,2/3/2026 12:45 PM,0:00,0:00,0:00,"Diana Miranda, NP",,Open,Female,kelseyrangel@example.org,Yes,Laser Hair Removal,Yes,No,Zenoti,,,Lauren Oxley
2/3/2026,12/16/2025,FLM-R7558,Jeffrey Davis,Laser Hair Removal - Large Area,Flower Mound,2/3/2026 12:00 PM,2/3/2026 12:45 PM,0:45,0:45,0:00,"Diana Miranda, NP",,Open,Female,kelseyrangel@example.org,No,Laser Hair Removal,Yes,No,Zenoti,,,Lauren Oxley
2/3/2026,12/16/2025,FLM-R7558,Jeffrey Davis,LHR - M - Lower Arms,Flower Mound,2/3/2026 12:45 PM,2/3/2026 12:45 PM,0:00,0:00,0:00,"Diana Miranda, NP",,Open,Female,kelseyrangel@example.org,Yes,Laser Hair Removal,Yes,No,Zenoti,,,Lauren Oxley
2/3/2026,12/16/2025,FLM-R7558,Jeffrey Davis,Pro-Nox,Flower Mound,2/3/2026 11:00 AM,2/3/2026 11:15 AM,0:15,0:15,0:00,"Diana Miranda, NP",,Open,Female,kelseyrangel@example.org,No,Skin Rejuvenation,Yes,No,Zenoti,,,Lauren Oxley
2/3/2026,12/16/2025,FLM-R7558,Jeffrey Davis,LHR - S - Underarms,Flower Mound,2/3/2026 1:15 PM,2/3/2026 1:15 PM,0:00,0:00,0:00,"Diana Miranda, NP",,Open,Female,kelseyrangel@example.org,Yes,Laser Hair Removal,Yes,No,Zenoti,,,Lauren Oxley
2/3/2026,12/16/2025,FLM-R7558,Jeffrey Davis,LHR - L - Full Brazilian,Flower Mound,2/3/2026 12:00 PM,2/3/2026 12:00 PM,0:00,0:00,0:00,"Diana Miranda, NP",,Open,Female,kelseyrangel@example.org,Yes,Laser Hair Removal,Yes,No,Zenoti,,,Lauren Oxley
2/3/2026,12/16/2025,FLM-R7558,Jeffrey Davis,Laser Hair Removal - Extra Large Area,Flower Mound,2/3/2026 11:00 AM,2/3/2026 12:00 PM,1:00,1:00,0:00,"Diana Miranda, NP",,Open,Female,kelseyrangel@example.org,No,Laser Hair Removal,Yes,No,Zenoti,,,Lauren Oxley
2/3/2026,12/16/2025,FLM-R7558,Jeffrey Davis,Laser Hair Removal-  Small Area,Flower Mound,2/3/2026 1:15 PM,2/3/2026 1:30 PM,0:15,0:15,0:00,"Diana Miranda, NP",,Open,Female,kelseyrangel@example.org,No,Laser Hair Removal,Yes,No,Zenoti,,,Lauren Oxley
2/3/2026,1/6/2026,FLM-R7987,Kara Hartman,GLP-1 Therapy,Flower Mound,2/3/2026 1:30 PM,2/3/2026 1:45 PM,0:15,0:15,0:00,"Diana Miranda, NP",,Open,Female,christinemiller@example.org,No,Wellness,Yes,No,Zenoti,,,Lauren Oxley
2/3/2026,1/6/2026,FLM-R7997,Christopher Cabrera,Glo2Facial by Geneo,Flower Mound,2/3/2026 6:00 PM,2/3/2026 7:00 PM,1:00,1:00,0:00,"Adriene Hernandez, LME",,Open,Female,morganjack@example.com,No,Spa Services,Yes,No,Zenoti,,,Lauren Oxley
2/3/2026,1/6/2026,FLM-R7998,Roger Hawkins,IPL - Lumecca,Flower Mound,2/3/2026 6:00 PM,2/3/2026 7:15 PM,1:15,1:15,0:00,"Diana Miranda, NP",,Open,Not provided,chadanderson@example.com,No,Skin Rejuvenation,Yes,No,Zenoti,,,Lauren Oxley
2/3/2026,1/6/2026,FLM-R7998,Roger Hawkins,Numbing Time - 15 minutes,Flower Mound,2/3/2026 5:30 PM,2/3/2026 5:45 PM,0:15,0:15,0:00,"Diana Miranda, NP",,Open,Not provided,chadanderson@example.com,No,Skin Rejuvenation,Yes,No,Zenoti,,,Lauren Oxley
2/3/2026,1/6/2026,FLM-R7998,Roger Hawkins,IPL - Face & Neck (Lumecca),Flower Mound,2/3/2026 6:00 PM,2/3/2026 6:00 PM,0:00,0:00,0:00,"Diana Miranda, NP",,Open,Not provided,chadanderson@example.com,Yes,Skin Rejuvenation,Yes,No,Zenoti,,,Lauren Oxley
2/3/2026,1/2/2026,FLM-R7904,Elizabeth Roberts,HydraFacial,Flower Mound,2/3/2026 5:00 PM,2/3/2026 6:00 PM,1:00,1:00,0:00,"Kimberly Sanchez, LME",,Open,Female,pateltammy@example.com,No,Spa Services,Yes,No,Zenoti,,,Marley Leach
1/31/2026,10/24/2025,FLM-R6482,Amanda Johnson,IPL - Spot Treatment (Lumecca),Flower Mound,1/31/2026 2:00 PM,1/31/2026 2:00 PM,0:00,0:00,0:00,"Diana Miranda, NP",,Open,Female,meredithhammond@example.org,Yes,Skin Rejuvenation,No,No,Zenoti,,,"Diana Iampieri Cuervo, MA"
1/31/2026,10/24/2025,FLM-R6482,Amanda Johnson,Pro-Nox,Flower Mound,1/31/2026 1:30 PM,1/31/2026 1:45 PM,0:15,0:15,0:00,"Diana Miranda, NP",,Open,Female,meredithhammond@example.org,No,Skin Rejuvenation,No,No,Zenoti,,,"Diana Iampieri Cuervo, MA"
1/31/2026,10/24/2025,FLM-R6482,Amanda Johnson,Wrinkle Relaxer (Botox/Dysport/Xeomin/Jeuveau/Daxxify),Flower Mound,1/31/2026 1:00 PM,1/31/2026 1:30 PM,0:30,0:30,0:00,"Diana Miranda, NP",,Open,Female,meredithhammond@example.org,No,Injectables,No,No,Zenoti,,,"Diana Iampieri Cuervo, MA"
1/31/2026,10/24/2025,FLM-R6482,Amanda Johnson,IPL - Lumecca,Flower Mound,1/31/2026 2:00 PM,1/31/2026 3:00 PM,1:00,1:00,0:00,"Diana Miranda, NP",,Open,Female,meredithhammond@example.org,No,Skin Rejuvenation,No,No,Zenoti,,,"Diana Iampieri Cuervo, MA"
1/31/2026,10/24/2025,FLM-R6482,Amanda Johnson,IV Hydration Add On,Flower Mound,1/31/2026 1:45 PM,1/31/2026 2:00 PM,0:15,0:15,0:00,"Diana Miranda, NP",,Open,Female,meredithhammond@example.org,No,Wellness,No,No,Zenoti,,,"Diana Iampieri Cuervo, MA"
1/31/2026,10/24/2025,FLM-R5883,Taylor Martin,IV Hydration Add On,Flower Mound,1/31/2026 11:00 AM,1/31/2026 11:30 AM,0:30,0:30,0:00,"Diana Miranda, NP",,Open,Female,emullins@example.org,No,Wellness,Yes,No,Zenoti,,,"Diana Iampieri Cuervo, MA"
1/31/2026,11/11/2025,FLM-R5883,Taylor Martin,RF Microneedling - Morpheus8,Flower Mound,1/31/2026 12:00 PM,1/31/2026 1:15 PM,1:15,1:15,0:00,"Diana Miranda, NP",,Open,Female,emullins@example.org,No,Skin Rejuvenation,Yes,No,Zenoti,,,"Adriene Hernandez, LME"
1/31/2026,11/11/2025,FLM-R5883,Taylor Martin,RF Microneedling - Neck (Morpheus8),Flower Mound,1/31/2026 12:00 PM,1/31/2026 12:00 PM,0:00,0:00,0:00,"Diana Miranda, NP",,Open,Female,emullins@example.org,Yes,Skin Rejuvenation,Yes,No,Zenoti,,,"Adriene Hernandez, LME"
1/31/2026,9/27/2025,FLM-R5883,Taylor Martin,Wrinkle Relaxer (Botox/Dysport/Xeomin/Jeuveau/Daxxify),Flower Mound,1/31/2026 11:30 AM,1/31/2026 12:00 PM,0:30,0:30,0:00,"Diana Miranda, NP",,Open,Female,emullins@example.org,No,Injectables,Yes,No,Zenoti,,,Aditya Vyas
1/31/2026,11/11/2025,FLM-R5883,Taylor Martin,Numbing Time - 15 minutes,Flower Mound,1/31/2026 10:45 AM,1/31/2026 11:00 AM,0:15,0:15,0:00,"Diana Miranda, NP",,Open,Female,emullins@example.org,No,Skin Rejuvenation,Yes,No,Zenoti,,,"Adriene Hernandez, LME"
1/31/2026,12/30/2025,FLM-R7860,Joshua Solis,Dysport,Flower Mound,1/31/2026 9:30 AM,1/31/2026 9:30 AM,0:00,0:00,0:00,"Diana Miranda, NP",,Open,Female,randybrown@example.com,Yes,Injectables,No,No,Zenoti,,,"Diana Iampieri Cuervo, MA"
1/31/2026,12/30/2025,FLM-R7860,Joshua Solis,Wrinkle Relaxer (Botox/Dysport/Xeomin/Jeuveau/Daxxify),Flower Mound,1/31/2026 9:30 AM,1/31/2026 10:00 AM,0:30,0:30,0:00,"Diana Miranda, NP",,Open,Female,randybrown@example.com,No,Injectables,No,No,Zenoti,,,"Diana Iampieri Cuervo, MA"
1/31/2026,1/16/2026,FLM-R8279,Daniel Santiago,HydraFacial,Flower Mound,1/31/2026 9:00 AM,1/31/2026 10:00 AM,1:00,1:00,0:00,"Kimberly Sanchez, LME",,Open,Female,nharris@example.net,No,Spa Services,No,No,Zenoti,,,Marley Leach
1/31/2026,1/17/2026,FLM-R8303,Amanda Willis,VIO Signature Facial,Flower Mound,1/31/2026 10:15 AM,1/31/2026 11:15 AM,1:00,1:00,0:00,"Adriene Hernandez, LME",,Open,Female,christopher59@example.org,No,Spa Services,Yes,No,Zenoti,,,Marley Leach
1/31/2026,1/17/2026,FLM-R8303,Amanda Willis,IM - B12 Injection,Flower Mound,1/31/2026 10:00 AM,1/31/2026 10:15 AM,0:15,0:15,0:00,"Diana Miranda, NP",,Open,Female,christopher59@example.org,No,Wellness,Yes,No,Zenoti,,,Marley Leach
1/30/2026,12/30/2025,FLM-R7865,Kendra Morris,Numbing Time - 15 minutes,Flower Mound,1/30/2026 12:45 PM,1/30/2026 1:00 PM,0:15,0:15,0:00,"Diana Miranda, NP",,Open,Female,philip54@example.net,No,Skin Rejuvenation,Yes,No,Zenoti,,extra time bc arms AND legs,"Diana Iampieri Cuervo, MA"
1/30/2026,12/30/2025,FLM-R7865,Kendra Morris,Pro-Nox,Flower Mound,1/30/2026 12:45 PM,1/30/2026 1:00 PM,0:15,0:15,0:00,"Diana Miranda, NP",,Open,Female,philip54@example.net,No,Skin Rejuvenation,Yes,No,Zenoti,,extra time bc arms AND legs,"Diana Iampieri Cuervo, MA"
1/30/2026,12/30/2025,FLM-R7865,Kendra Morris,IPL - Large Area (Lumecca),Flower Mound,1/30/2026 1:00 PM,1/30/2026 1:00 PM,0:00,0:00,0:00,"Diana Miranda, NP",,Open,Female,philip54@example.net,Yes,Skin Rejuvenation,Yes,No,Zenoti,,extra time bc arms AND legs,"Diana Iampieri Cuervo, MA"
1/30/2026,12/30/2025,FLM-R7865,Kendra Morris,IPL - Lumecca,Flower Mound,1/30/2026 1:00 PM,1/30/2026 2:45 PM,1:45,1:45,0:00,"Diana Miranda, NP",,Open,Female,philip54@example.net,No,Skin Rejuvenation,Yes,No,Zenoti,,extra time bc arms AND legs,"Diana Iampieri Cuervo, MA"
1/30/2026,1/2/2026,FLM-R7901,Daniel Morris,Follow-Up,Flower Mound,1/30/2026 11:30 AM,1/30/2026 11:45 AM,0:15,0:15,0:00,"Diana Miranda, NP",,Open,Female,kathyjones@example.net,No,Follow-Up,Yes,No,Zenoti,,,Marley Leach
1/30/2026,1/2/2026,FLM-R7910,Richard Lowe,Wellness BHRT Post-Pellet Insertion 4-week Lab Draw,Flower Mound,1/30/2026 3:30 PM,1/30/2026 4:00 PM,0:30,0:30,0:00,"Diana Miranda, NP",,Open,Female,james22@example.com,No,Wellness,Yes,No,Zenoti,,,Marley Leach
1/30/2026,1/2/2026,FLM-R7915,Aaron Mercer,Glo2Facial by Geneo,Flower Mound,1/30/2026 1:00 PM,1/30/2026 2:00 PM,1:00,1:00,0:00,"Adriene Hernandez, LME",,Open,Female,brianna62@example.com,No,Spa Services,Yes,No,Zenoti,,,Marley Leach
1/30/2026,1/14/2026,FLM-R8214,David Snyder,HydraFacial,Flower Mound,1/30/2026 3:00 PM,1/30/2026 4:00 PM,1:00,1:00,0:00,"Adriene Hernandez, LME",,Open,Not provided,pattersoneric@example.org,No,Spa Services,No,No,Zenoti,,new client offer $169,Role May Yaoyao Bayron
1/30/2026,1/15/2026,FLM-R8261,Darren Lopez,HydraFacial,Flower Mound,1/30/2026 11:00 AM,1/30/2026 12:00 PM,1:00,1:00,0:00,"Kimberly Sanchez, LME",,Open,Female,jeffrey99@example.com,No,Spa Services,Yes,No,Zenoti,,,"Adriene Hernandez, LME"
1/30/2026,1/16/2026,FLM-R8283,Whitney Roy,Two-Week Follow-Up for Wrinkle Relaxer Enhancement,Flower Mound,1/30/2026 11:45 AM,1/30/2026 12:00 PM,0:15,0:15,0:00,"Diana Miranda, NP",,Open,Female,ryantaylor@example.net,No,Injectables,Yes,No,Zenoti,,,Marley Leach
1/30/2026,1/16/2026,FLM-R8073,Judy Johnson,Numbing Time - 30 Minutes,Flower Mound,1/30/2026 9:30 AM,1/30/2026 10:00 AM,0:30,0:30,0:00,"Diana Miranda, NP",,Open,Female,matthewchavez@example.net,No,Skin Rejuvenation,No,No,Zenoti,,**will pay $2400 after 1/27 when she gets her bonus**. numb her and take before pics @ 9:30am-LO,Lauren Oxley
1/30/2026,1/16/2026,FLM-R8073,Judy Johnson,RF Microneedling - Neck (Morpheus8),Flower Mound,1/30/2026 10:30 AM,1/30/2026 10:30 AM,0:00,0:00,0:00,"Diana Miranda, NP",,Open,Female,matthewchavez@example.net,Yes,Skin Rejuvenation,No,No,Zenoti,,**will pay $2400 after 1/27 when she gets her bonus**. numb her and take before pics @ 9:30am-LO,Lauren Oxley
1/30/2026,1/16/2026,FLM-R8073,Judy Johnson,RF Microneedling - Morpheus8,Flower Mound,1/30/2026 10:30 AM,1/30/2026 11:30 AM,1:00,1:00,0:00,"Diana Miranda, NP",,Open,Female,matthewchavez@example.net,No,Skin Rejuvenation,No,No,Zenoti,,**will pay $2400 after 1/27 when she gets her bonus**. numb her and take before pics @ 9:30am-LO,Lauren Oxley
1/29/2026,10/16/2025,FLM-R6282,Alexis Mendoza,Wrinkle Relaxer (Botox/Dysport/Xeomin/Jeuveau/Daxxify),Flower Mound,1/29/2026 12:00 PM,1/29/2026 12:30 PM,0:30,0:30,0:00,"Diana Miranda, NP",,Open,Female,melissareynolds@example.net,No,Injectables,Yes,No,Zenoti,,,"Adriene Hernandez, LME"
1/29/2026,12/4/2025,FLM-R7311,Ashley Garcia,Laser Hair Removal - Large Area,Flower Mound,1/29/2026 3:30 PM,1/29/2026 4:15 PM,0:45,0:45,0:00,"Rebecca Bievenue, RN",,Open,Male,amber59@example.net,No,Laser Hair Removal,Yes,No,Zenoti,,,"Adriene Hernandez, LME"
1/29/2026,12/4/2025,FLM-R7311,Ashley Garcia,Laser Hair Removal - Medium Area,Flower Mound,1/29/2026 4:15 PM,1/29/2026 4:45 PM,0:30,0:30,0:00,"Rebecca Bievenue, RN",,Open,Male,amber59@example.net,No,Laser Hair Removal,Yes,No,Zenoti,,,"Adriene Hernandez, LME"
1/29/2026,12/18/2025,FLM-R7603,Susan Orozco,Sculptra,Flower Mound,1/29/2026 10:00 AM,1/29/2026 11:00 AM,1:00,1:00,0:00,"Rebecca Bievenue, RN",,Open,Female,perezangelica@example.net,No,Injectables,Yes,No,Zenoti,,sculptra,Lauren Oxley
1/29/2026,12/26/2025,FLM-R7785,Elizabeth Brooks,Numbing Time - 15 minutes,Flower Mound,1/29/2026 1:00 PM,1/29/2026 1:15 PM,0:15,0:15,0:00,"Kimberly Sanchez, LME",,Open,Female,velazquezjerome@example.com,No,Skin Rejuvenation,Yes,No,Zenoti,,,"Adriene Hernandez, LME"
1/29/2026,12/26/2025,FLM-R7785,Elizabeth Brooks,Microneedling - Face,Flower Mound,1/29/2026 2:00 PM,1/29/2026 3:00 PM,1:00,1:00,0:00,"Kimberly Sanchez, LME",,Open,Female,velazquezjerome@example.com,No,Skin Rejuvenation,Yes,No,Zenoti,,,"Adriene Hernandez, LME"
1/29/2026,12/26/2025,FLM-R7785,Elizabeth Brooks,Microneedling - Neck (Add On),Flower Mound,1/29/2026 2:00 PM,1/29/2026 2:00 PM,0:00,0:00,0:00,"Kimberly Sanchez, LME",,Open,Female,velazquezjerome@example.com,Yes,Skin Rejuvenation,Yes,No,Zenoti,,,"Adriene Hernandez, LME"
1/29/2026,12/24/2025,FLM-R7764,Katie Mckee,HydraFacial,Flower Mound,1/29/2026 11:00 AM,1/29/2026 12:00 PM,1:00,1:00,0:00,"Kimberly Sanchez, LME",,Open,Female,robert09@example.net,No,Spa Services,Yes,No,Zenoti,,"200 points on alle, no aspire or evolus","Adriene Hernandez, LME"
1/29/2026,1/8/2026,FLM-R8044,John Potter,Two-Week Follow-Up for Wrinkle Relaxer Enhancement,Flower Mound,1/29/2026 1:00 PM,1/29/2026 1:15 PM,0:15,0:15,0:00,"Diana Miranda, NP",,Open,Female,dariusmaldonado@example.net,No,Injectables,Yes,No,Zenoti,,,"Adriene Hernandez, LME"
1/29/2026,1/10/2026,FLM-R8103,Amanda Beck,Two-Week Follow-Up for Wrinkle Relaxer Enhancement,Flower Mound,1/29/2026 5:00 PM,1/29/2026 5:15 PM,0:15,0:15,0:00,"Michelle Henson-Babbitt, RN",,Open,Female,robertothomas@example.net,No,Injectables,Yes,No,Zenoti,,,Marley Leach
1/29/2026,1/10/2026,FLM-R8102,Marissa Olson,General Dermal Filler,Flower Mound,1/29/2026 11:00 AM,1/29/2026 12:15 PM,1:15,1:15,0:00,"Rebecca Bievenue, RN",,Open,Female,stacyaustin@example.net,No,Injectables,Yes,No,Zenoti,,Lip filler and cheeks,Marley Leach
1/29/2026,1/13/2026,FLM-R8184,Frances Evans,Two-Week Follow-Up for Wrinkle Relaxer Enhancement,Flower Mound,1/29/2026 12:30 PM,1/29/2026 12:45 PM,0:15,0:15,0:00,"Diana Miranda, NP",,Open,Female,jmcgee@example.com,No,Injectables,Yes,No,Zenoti,,,"Adriene Hernandez, LME"
1/29/2026,1/13/2026,FLM-R8185,Joshua Rangel,Two-Week Follow-Up for Wrinkle Relaxer Enhancement,Flower Mound,1/29/2026 12:45 PM,1/29/2026 1:00 PM,0:15,0:15,0:00,"Diana Miranda, NP",,Open,Female,lindsayavila@example.com,No,Injectables,Yes,No,Zenoti,,,"Adriene Hernandez, LME"
1/29/2026,1/15/2026,FLM-R8245,Elizabeth Richards,Sculptra,Flower Mound,1/29/2026 10:45 AM,1/29/2026 11:45 AM,1:00,1:00,0:00,"Diana Miranda, NP",,Open,Female,ashleyboyd@example.net,No,Injectables,Yes,No,Zenoti,,,"Adriene Hernandez, LME"
1/29/2026,1/15/2026,FLM-R8250,Thomas Moore,Two-Week Follow-Up for Wrinkle Relaxer Enhancement,Flower Mound,1/29/2026 12:15 PM,1/29/2026 12:45 PM,0:30,0:30,0:00,"Rebecca Bievenue, RN",,Open,Female,imckinney@example.com,No,Injectables,Yes,No,Zenoti,,,"Adriene Hernandez, LME"
1/29/2026,1/15/2026,FLM-R8259,Shane Lee,Two-Week Follow-Up for Wrinkle Relaxer Enhancement,Flower Mound,1/29/2026 1:15 PM,1/29/2026 1:30 PM,0:15,0:15,0:00,"Rebecca Bievenue, RN",,Open,Female,ruizkathryn@example.com,No,Injectables,Yes,No,Zenoti,,,"Adriene Hernandez, LME"
1/29/2026,1/15/2026,FLM-R8264,Charles Haynes,Two-Week Follow-Up for Wrinkle Relaxer Enhancement,Flower Mound,1/29/2026 5:30 PM,1/29/2026 5:45 PM,0:15,0:15,0:00,"Michelle Henson-Babbitt, RN",,Open,Female,edgar25@example.net,No,Injectables,Yes,No,Zenoti,,,"Adriene Hernandez, LME"
1/29/2026,1/15/2026,FLM-R8264,Charles Haynes,Sculptra,Flower Mound,1/29/2026 5:45 PM,1/29/2026 7:00 PM,1:15,1:15,0:00,"Michelle Henson-Babbitt, RN",,Open,Female,edgar25@example.net,No,Injectables,Yes,No,Zenoti,,,"Adriene Hernandez, LME"
1/29/2026,1/15/2026,FLM-R8268,Nicholas Knapp,General Dermal Filler,Flower Mound,1/29/2026 1:30 PM,1/29/2026 2:15 PM,0:45,0:45,0:00,"Rebecca Bievenue, RN",,Open,Female,brookemccoy@example.com,No,Injectables,Yes,No,Zenoti,,finish lip filler-LO,Lauren Oxley
1/29/2026,1/18/2026,FLM-R7847,Sean Kemp,RF Microneedling-  Face & Neck (Morpheus8),Flower Mound,1/29/2026 6:00 PM,1/29/2026 6:00 PM,0:00,0:00,0:00,"Diana Miranda, NP",,Open,Female,kelly23@example.org,Yes,Skin Rejuvenation,No,No,Zenoti,,,Lauren Oxley
1/29/2026,12/30/2025,FLM-R7847,Sean Kemp,Numbing Time - 15 minutes,Flower Mound,1/29/2026 5:00 PM,1/29/2026 5:15 PM,0:15,0:15,0:00,"Diana Miranda, NP",,Open,Female,kelly23@example.org,No,Skin Rejuvenation,No,No,Zenoti,,,Marley Leach
1/29/2026,12/30/2025,FLM-R7847,Sean Kemp,RF Microneedling - Morpheus8,Flower Mound,1/29/2026 6:00 PM,1/29/2026 7:15 PM,1:15,1:15,0:00,"Diana Miranda, NP",,Open,Female,kelly23@example.org,No,Skin Rejuvenation,No,No,Zenoti,,,Marley Leach
1/28/2026,12/17/2025,FLM-R7580,Debra Alvarado,Laser Hair Removal-  Small Area,Flower Mound,1/28/2026 1:30 PM,1/28/2026 1:45 PM,0:15,0:15,0:00,"Diana Miranda, NP",,Open,Female,andrea28@example.org,No,Laser Hair Removal,Yes,No,Zenoti,,,"Adriene Hernandez, LME"
1/28/2026,12/17/2025,FLM-R7580,Debra Alvarado,LHR - M - Face,Flower Mound,1/28/2026 1:00 PM,1/28/2026 1:00 PM,0:00,0:00,0:00,"Diana Miranda, NP",,Open,Female,andrea28@example.org,Yes,Laser Hair Removal,Yes,No,Zenoti,,,"Adriene Hernandez, LME"
1/28/2026,12/17/2025,FLM-R7580,Debra Alvarado,Laser Hair Removal - Medium Area,Flower Mound,1/28/2026 1:00 PM,1/28/2026 1:30 PM,0:30,0:30,0:00,"Diana Miranda, NP",,Open,Female,andrea28@example.org,No,Laser Hair Removal,Yes,No,Zenoti,,,"Adriene Hernandez, LME"
1/28/2026,12/17/2025,FLM-R7580,Debra Alvarado,LHR - S - Front Neck,Flower Mound,1/28/2026 1:30 PM,1/28/2026 1:30 PM,0:00,0:00,0:00,"Diana Miranda, NP",,Open,Female,andrea28@example.org,Yes,Laser Hair Removal,Yes,No,Zenoti,,,"Adriene Hernandez, LME"
1/28/2026,12/17/2025,FLM-R7588,Steve Moore,Laser Hair Removal - Medium Area,Flower Mound,1/28/2026 4:30 PM,1/28/2026 5:00 PM,0:30,0:30,0:00,"Diana Miranda, NP",,Open,Not provided,carlos33@example.net,No,Laser Hair Removal,Yes,No,Zenoti,,,"Adriene Hernandez, LME"
1/28/2026,12/17/2025,FLM-R7588,Steve Moore,LHR - M - Face,Flower Mound,1/28/2026 4:30 PM,1/28/2026 4:30 PM,0:00,0:00,0:00,"Diana Miranda, NP",,Open,Not provided,carlos33@example.net,Yes,Laser Hair Removal,Yes,No,Zenoti,,,"Adriene Hernandez, LME"
1/28/2026,12/22/2025,FLM-R7705,Erika Ewing,Botox,Flower Mound,1/28/2026 3:15 PM,1/28/2026 3:15 PM,0:00,0:00,0:00,"Diana Miranda, NP",,Open,Female,angelica20@example.net,Yes,Injectables,No,No,Mobile-CMA,,,Rana Zeineddine
1/28/2026,12/22/2025,FLM-R7705,Erika Ewing,Wrinkle Relaxer + General Dermal Filler,Flower Mound,1/28/2026 3:15 PM,1/28/2026 4:15 PM,1:00,1:00,0:00,"Diana Miranda, NP",,Open,Female,angelica20@example.net,No,Injectables,No,No,Mobile-CMA,,,Rana Zeineddine
1/28/2026,12/10/2025,FLM-R7417,Micheal Livingston,Consultation - Wellness Lab Review,Flower Mound,1/28/2026 12:30 PM,1/28/2026 1:00 PM,0:30,0:30,0:00,"Diana Miranda, NP",,Open,Female,michael00@example.net,No,Consultation,Yes,No,Zenoti,,,"Adriene Hernandez, LME"
1/28/2026,12/30/2025,FLM-R7856,Kaitlin Mason,Laser Hair Removal-  Small Area,Flower Mound,1/28/2026 2:45 PM,1/28/2026 3:00 PM,0:15,0:15,0:00,"Diana Miranda, NP",,Open,Male,juliehumphrey@example.com,No,Laser Hair Removal,Yes,No,Zenoti,,,"Diana Iampieri Cuervo, MA"
1/28/2026,12/30/2025,FLM-R7856,Kaitlin Mason,LHR - S - Front Neck,Flower Mound,1/28/2026 2:45 PM,1/28/2026 2:45 PM,0:00,0:00,0:00,"Diana Miranda, NP",,Open,Male,juliehumphrey@example.com,Yes,Laser Hair Removal,Yes,No,Zenoti,,,"Diana Iampieri Cuervo, MA"
1/28/2026,1/8/2026,FLM-R8033,Kyle Gonzales,VIO Signature Facial,Flower Mound,1/28/2026 12:15 PM,1/28/2026 1:15 PM,1:00,1:00,0:00,"Adriene Hernandez, LME",,Open,Female,vhancock@example.net,No,Spa Services,Yes,No,Zenoti,,might do Glo2 hydrate- need to verify ok while pregnant-LO,Lauren Oxley
1/28/2026,1/13/2026,FLM-R8175,Erin Mills,Two-Week Follow-Up for Wrinkle Relaxer Enhancement,Flower Mound,1/28/2026 4:15 PM,1/28/2026 4:30 PM,0:15,0:15,0:00,"Diana Miranda, NP",,Open,Not provided,rebeccakirk@example.net,No,Injectables,Yes,No,Zenoti,,,"Adriene Hernandez, LME"
1/28/2026,1/13/2026,FLM-R8176,Kristen Mendoza,Consultation - RF Microneedling,Flower Mound,1/28/2026 11:00 AM,1/28/2026 11:30 AM,0:30,0:30,0:00,Lauren Oxley,,Open,Not provided,scott36@example.org,No,Consultation,No,No,Zenoti,,I would definitely like some type of facial and potentially a lip flip if that's something you provide.,Role May Yaoyao Bayron
1/28/2026,1/14/2026,FLM-R8204,Julia Sims,Wrinkle Relaxer (Botox/Dysport/Xeomin/Jeuveau/Daxxify),Flower Mound,1/28/2026 10:00 AM,1/28/2026 10:30 AM,0:30,0:30,0:00,"Diana Miranda, NP",,Open,Female,kleinjessica@example.com,No,Injectables,No,No,Zenoti,,,"Adriene Hernandez, LME"
1/28/2026,1/14/2026,FLM-R8204,Julia Sims,Chemical Peel,Flower Mound,1/28/2026 10:30 AM,1/28/2026 11:00 AM,0:30,0:30,0:00,"Diana Miranda, NP",,Open,Female,kleinjessica@example.com,No,Skin Rejuvenation,No,No,Zenoti,,,"Adriene Hernandez, LME"
1/28/2026,1/14/2026,FLM-R8211,Jordan Logan,Two-Week Follow-Up for Wrinkle Relaxer Enhancement,Flower Mound,1/28/2026 1:45 PM,1/28/2026 2:00 PM,0:15,0:15,0:00,"Diana Miranda, NP",,Open,Not provided,josephfoster@example.com,No,Injectables,Yes,No,Zenoti,,,"Adriene Hernandez, LME"
1/27/2026,12/30/2025,FLM-R7861,Jonathan Schneider,HydraFacial,Flower Mound,1/27/2026 2:15 PM,1/27/2026 3:15 PM,1:00,1:00,0:00,"Kimberly Sanchez, LME",,Open,Female,carlosgarcia@example.com,No,Spa Services,Yes,No,Zenoti,,,"Diana Iampieri Cuervo, MA"
1/27/2026,1/12/2026,FLM-R8135,Elizabeth Carter,HydraFacial,Flower Mound,1/27/2026 11:00 AM,1/27/2026 12:00 PM,1:00,1:00,0:00,"Kimberly Sanchez, LME",,Open,Female,webbjose@example.net,No,Spa Services,No,No,Zenoti,,,Lauren Oxley
1/27/2026,1/13/2026,FLM-R8180,Ricardo Anderson,Botox,Flower Mound,1/27/2026 4:30 PM,1/27/2026 4:30 PM,0:00,0:00,0:00,"Rebecca Bievenue, RN",,Open,Female,delgadomatthew@example.org,Yes,Injectables,Yes,No,Zenoti,,,Kishor Patil
1/27/2026,1/13/2026,FLM-R8180,Ricardo Anderson,Two-Week Follow-Up for Wrinkle Relaxer Enhancement,Flower Mound,1/27/2026 4:30 PM,1/27/2026 4:45 PM,0:15,0:15,0:00,"Rebecca Bievenue, RN",,Open,Female,delgadomatthew@example.org,No,Injectables,Yes,No,Zenoti,,,Kishor Patil
1/27/2026,1/9/2026,FLM-R8067,Jose Moore,Glo2Facial by Geneo,Flower Mound,1/27/2026 6:00 PM,1/27/2026 7:00 PM,1:00,1:00,0:00,"Adriene Hernandez, LME",,Open,Not provided,nicholas44@example.net,No,Spa Services,Yes,No,Zenoti,,,Marley Leach
1/27/2026,1/15/2026,FLM-R8234,Holly Herrera,Wrinkle Relaxer (Botox/Dysport/Xeomin/Jeuveau/Daxxify),Flower Mound,1/27/2026 1:45 PM,1/27/2026 2:15 PM,0:30,0:30,0:00,"Rebecca Bievenue, RN",,Open,Not provided,shawnahoffman@example.net,No,Injectables,No,No,Zenoti,,new client offer $3.99/unit,Role May Yaoyao Bayron
1/27/2026,1/15/2026,FLM-R8234,Holly Herrera,Consultation - Aesthetic Injectables,Flower Mound,1/27/2026 1:00 PM,1/27/2026 1:30 PM,0:30,0:30,0:00,"Rebecca Bievenue, RN",,Open,Not provided,shawnahoffman@example.net,No,Consultation,No,No,Zenoti,,new client offer $3.99/unit,Role May Yaoyao Bayron
1/27/2026,1/15/2026,FLM-R8234,Holly Herrera,Virtual Good Faith Exam,Flower Mound,1/27/2026 1:30 PM,1/27/2026 1:45 PM,0:15,0:15,0:00,"Rebecca Bievenue, RN",,Open,Not provided,shawnahoffman@example.net,No,Consultation,No,No,Zenoti,,new client offer $3.99/unit,Role May Yaoyao Bayron
1/27/2026,1/15/2026,FLM-R8263,Darin Miller,RF Microneedling-  Face & Neck (Morpheus8),Flower Mound,1/27/2026 3:15 PM,1/27/2026 3:15 PM,0:00,0:00,0:00,"Rebecca Bievenue, RN",,Open,Not provided,amber79@example.org,Yes,Skin Rejuvenation,Yes,No,Zenoti,,,Lauren Oxley
1/27/2026,1/15/2026,FLM-R8263,Darin Miller,RF Microneedling - Morpheus8,Flower Mound,1/27/2026 3:15 PM,1/27/2026 4:30 PM,1:15,1:15,0:00,"Rebecca Bievenue, RN",,Open,Not provided,amber79@example.org,No,Skin Rejuvenation,Yes,No,Zenoti,,,Lauren Oxley
1/27/2026,1/15/2026,FLM-R8263,Darin Miller,Numbing Time - 15 minutes,Flower Mound,1/27/2026 2:15 PM,1/27/2026 2:30 PM,0:15,0:15,0:00,"Rebecca Bievenue, RN",,Open,Not provided,amber79@example.org,No,Skin Rejuvenation,Yes,No,Zenoti,,,Lauren Oxley
1/27/2026,1/15/2026,FLM-R8263,Darin Miller,RF - Morpheus8 Resurfacing Tip - 24 Pin,Flower Mound,1/27/2026 3:15 PM,1/27/2026 3:15 PM,0:00,0:00,0:00,"Rebecca Bievenue, RN",,Open,Not provided,amber79@example.org,Yes,Skin Rejuvenation,Yes,No,Zenoti,,,Lauren Oxley
1/26/2026,12/22/2025,FLM-R7716,Jeffrey Mcintosh,Glo2Facial by Geneo,Flower Mound,1/26/2026 4:00 PM,1/26/2026 5:00 PM,1:00,1:00,0:00,"Adriene Hernandez, LME",,Open,Female,sandra39@example.net,No,Spa Services,Yes,No,Zenoti,,,Marley Leach
1/26/2026,12/31/2025,FLM-R7884,Troy Oconnor,Consultation - Skin Rejuvenation,Flower Mound,1/26/2026 12:00 PM,1/26/2026 12:30 PM,0:30,0:30,0:00,Lauren Oxley,,Open,Not provided,batesjeffrey@example.com,No,Consultation,No,No,Zenoti,,,Aditya Vyas
1/26/2026,1/10/2026,FLM-R8099,Jesse Miller,HydraFacial,Flower Mound,1/26/2026 12:30 PM,1/26/2026 1:30 PM,1:00,1:00,0:00,"Adriene Hernandez, LME",,Open,Not provided,kingjoseph@example.net,No,Spa Services,No,No,Zenoti,,new client offer $169/looking to target fine lines and wrinkles,Role May Yaoyao Bayron
1/26/2026,1/12/2026,FLM-R8143,Philip Leblanc,Two-Week Follow-Up for Wrinkle Relaxer Enhancement,Flower Mound,1/26/2026 1:00 PM,1/26/2026 1:15 PM,0:15,0:15,0:00,"Michelle Henson-Babbitt, RN",,Open,Female,harperlauren@example.org,No,Injectables,Yes,No,Zenoti,,,Marley Leach
1/26/2026,1/12/2026,FLM-R8145,Tyler Lee II,Laser Hair Removal - Extra Small Area,Flower Mound,1/26/2026 4:00 PM,1/26/2026 4:15 PM,0:15,0:15,0:00,"Michelle Henson-Babbitt, RN",,Open,Female,connietran@example.org,No,Laser Hair Removal,Yes,No,Zenoti,,,Marley Leach
1/26/2026,1/12/2026,FLM-R8145,Tyler Lee II,LHR - XS - Sideburns,Flower Mound,1/26/2026 4:00 PM,1/26/2026 4:00 PM,0:00,0:00,0:00,"Michelle Henson-Babbitt, RN",,Open,Female,connietran@example.org,Yes,Laser Hair Removal,Yes,No,Zenoti,,,Marley Leach
1/24/2026,11/22/2025,FLM-R7070,Christopher Manning,Laser Hair Removal - Large Area,Flower Mound,1/24/2026 2:15 PM,1/24/2026 3:00 PM,0:45,0:45,0:00,"Diana Miranda, NP",,Open,Female,kristen66@example.org,No,Laser Hair Removal,Yes,No,Zenoti,,,"Diana Iampieri Cuervo, MA"
1/24/2026,11/22/2025,FLM-R7070,Christopher Manning,LHR - L - Full Brazilian,Flower Mound,1/24/2026 2:15 PM,1/24/2026 2:15 PM,0:00,0:00,0:00,"Diana Miranda, NP",,Open,Female,kristen66@example.org,Yes,Laser Hair Removal,Yes,No,Zenoti,,,"Diana Iampieri Cuervo, MA"
1/24/2026,11/22/2025,FLM-R7070,Christopher Manning,Laser Hair Removal - Extra Small Area,Flower Mound,1/24/2026 2:00 PM,1/24/2026 2:15 PM,0:15,0:15,0:00,"Diana Miranda, NP",,Open,Female,kristen66@example.org,No,Laser Hair Removal,Yes,No,Zenoti,,,"Diana Iampieri Cuervo, MA"
1/24/2026,11/22/2025,FLM-R7070,Christopher Manning,Numbing Time - 15 minutes,Flower Mound,1/24/2026 1:00 PM,1/24/2026 1:15 PM,0:15,0:15,0:00,"Diana Miranda, NP",,Open,Female,kristen66@example.org,No,Skin Rejuvenation,Yes,No,Zenoti,,,"Diana Iampieri Cuervo, MA"
1/24/2026,11/22/2025,FLM-R7070,Christopher Manning,LHR - XS - Upper Lip & Chin,Flower Mound,1/24/2026 2:00 PM,1/24/2026 2:00 PM,0:00,0:00,0:00,"Diana Miranda, NP",,Open,Female,kristen66@example.org,Yes,Laser Hair Removal,Yes,No,Zenoti,,,"Diana Iampieri Cuervo, MA"
1/24/2026,11/29/2025,FLM-R7196,Robert Lewis,LHR - M - Face,Flower Mound,1/24/2026 10:30 AM,1/24/2026 10:30 AM,0:00,0:00,0:00,"Diana Miranda, NP",,Open,Female,christopher76@example.org,Yes,Laser Hair Removal,Yes,No,Zenoti,,,"Diana Iampieri Cuervo, MA"
1/24/2026,11/29/2025,FLM-R7196,Robert Lewis,Laser Hair Removal - Medium Area,Flower Mound,1/24/2026 10:30 AM,1/24/2026 11:00 AM,0:30,0:30,0:00,"Diana Miranda, NP",,Open,Female,christopher76@example.org,No,Laser Hair Removal,Yes,No,Zenoti,,,"Diana Iampieri Cuervo, MA"
1/24/2026,11/29/2025,FLM-R7195,Jamie Vazquez,LHR - XS - Upper Lip & Chin,Flower Mound,1/24/2026 10:15 AM,1/24/2026 10:15 AM,0:00,0:00,0:00,"Diana Miranda, NP",,Open,Female,christina86@example.net,Yes,Laser Hair Removal,Yes,No,Zenoti,,,"Diana Iampieri Cuervo, MA"
1/24/2026,11/29/2025,FLM-R7195,Jamie Vazquez,Laser Hair Removal-  Small Area,Flower Mound,1/24/2026 10:00 AM,1/24/2026 10:15 AM,0:15,0:15,0:00,"Diana Miranda, NP",,Open,Female,christina86@example.net,No,Laser Hair Removal,Yes,No,Zenoti,,,"Diana Iampieri Cuervo, MA"
1/24/2026,11/29/2025,FLM-R7195,Jamie Vazquez,Laser Hair Removal - Extra Small Area,Flower Mound,1/24/2026 10:15 AM,1/24/2026 10:30 AM,0:15,0:15,0:00,"Diana Miranda, NP",,Open,Female,christina86@example.net,No,Laser Hair Removal,Yes,No,Zenoti,,,"Diana Iampieri Cuervo, MA"
1/24/2026,11/29/2025,FLM-R7195,Jamie Vazquez,LHR - S - Underarms,Flower Mound,1/24/2026 10:00 AM,1/24/2026 10:00 AM,0:00,0:00,0:00,"Diana Miranda, NP",,Open,Female,christina86@example.net,Yes,Laser Hair Removal,Yes,No,Zenoti,,,"Diana Iampieri Cuervo, MA"
1/24/2026,12/13/2025,FLM-R7509,Alison Nguyen,Glo2Facial by Geneo,Flower Mound,1/24/2026 11:00 AM,1/24/2026 12:00 PM,1:00,1:00,0:00,"Kimberly Sanchez, LME",,Open,Female,melvin98@example.org,No,Spa Services,Yes,No,Zenoti,,,Aditya Vyas
1/24/2026,12/20/2025,FLM-R7664,Christopher Ramirez,Glo2Facial by Geneo,Flower Mound,1/24/2026 10:00 AM,1/24/2026 11:00 AM,1:00,1:00,0:00,"Adriene Hernandez, LME",,Open,Female,plopez@example.net,No,Spa Services,Yes,No,Zenoti,,,Lauren Oxley
1/24/2026,11/8/2025,FLM-R6743,Oscar Green,Glo2Facial by Geneo,Flower Mound,1/24/2026 9:00 AM,1/24/2026 10:00 AM,1:00,1:00,0:00,"Kimberly Sanchez, LME",,Open,Female,john04@example.org,No,Spa Services,Yes,No,Zenoti,,free DP for signing up for membership/// is okay with glo 2 or signature just pick that day whats best for her skin,"Diana Iampieri Cuervo, MA"
1/24/2026,1/3/2026,FLM-R7931,Tammy Gross,Consultation - RF Microneedling,Flower Mound,1/24/2026 1:15 PM,1/24/2026 1:45 PM,0:30,0:30,0:00,"Diana Miranda, NP",,Open,Not provided,tmeyers@example.org,No,Consultation,No,No,Zenoti,,,Role May Yaoyao Bayron
1/24/2026,1/3/2026,FLM-R7933,Alexis Mendoza,Two-Week Follow-Up for Wrinkle Relaxer Enhancement,Flower Mound,1/24/2026 11:15 AM,1/24/2026 11:30 AM,0:15,0:15,0:00,"Diana Miranda, NP",,Open,Female,melissareynolds@example.net,No,Injectables,Yes,No,Zenoti,,,Marley Leach
1/24/2026,1/5/2026,FLM-R7959,Brenda Shields,HydraFacial,Flower Mound,1/24/2026 2:00 PM,1/24/2026 3:00 PM,1:00,1:00,0:00,"Kimberly Sanchez, LME",,Open,Not provided,sgordon@example.com,No,Spa Services,No,No,Zenoti,,new client offer $169,Role May Yaoyao Bayron
1/24/2026,1/8/2026,FLM-R7881,Benjamin Stewart,RF Microneedling - Neck (Morpheus8),Flower Mound,1/24/2026 11:45 AM,1/24/2026 11:45 AM,0:00,0:00,0:00,"Diana Miranda, NP",,Open,Female,wrichards@example.com,Yes,Skin Rejuvenation,Yes,No,Zenoti,,appt actually resurfacing of face (don't change or pkg can't be redeemed)- LO,Lauren Oxley
1/24/2026,12/31/2025,FLM-R7881,Benjamin Stewart,RF Microneedling - Morpheus8,Flower Mound,1/24/2026 11:45 AM,1/24/2026 1:00 PM,1:15,1:15,0:00,"Diana Miranda, NP",,Open,Female,wrichards@example.com,No,Skin Rejuvenation,Yes,No,Zenoti,,appt actually resurfacing of face (don't change or pkg can't be redeemed)- LO,Marley Leach
1/24/2026,12/31/2025,FLM-R7881,Benjamin Stewart,Numbing Time - 15 minutes,Flower Mound,1/24/2026 11:00 AM,1/24/2026 11:15 AM,0:15,0:15,0:00,"Diana Miranda, NP",,Open,Female,wrichards@example.com,No,Skin Rejuvenation,Yes,No,Zenoti,,appt actually resurfacing of face (don't change or pkg can't be redeemed)- LO,Marley Leach
1/24/2026,1/3/2026,FLM-R7925,Kayla Baker,HydraFacial,Flower Mound,1/24/2026 10:00 AM,1/24/2026 11:00 AM,1:00,1:00,0:00,"Kimberly Sanchez, LME",,Open,Not provided,perrybrian@example.com,No,Spa Services,No,No,Zenoti,,,Marley Leach
1/24/2026,12/23/2025,FLM-R6743,Oscar Green,IV Hydration Therapy,Flower Mound,1/24/2026 9:00 AM,1/24/2026 9:15 AM,0:15,0:15,0:00,"Diana Miranda, NP",,Open,Female,john04@example.org,No,Wellness,Yes,No,Zenoti,,free DP for signing up for membership/// is okay with glo 2 or signature just pick that day whats best for her skin,"Adriene Hernandez, LME"
1/24/2026,11/29/2025,FLM-R7204,Steven Brooks,Chemical Peel,Flower Mound,1/24/2026 12:00 PM,1/24/2026 12:30 PM,0:30,0:30,0:00,"Kimberly Sanchez, LME",,Open,Female,shorton@example.net,No,Skin Rejuvenation,Yes,No,Zenoti,,she is aware peel is with Kim-LO,"Diana Iampieri Cuervo, MA"
1/24/2026,11/29/2025,FLM-R7204,Steven Brooks,VI Peel - Precision + Peptides,Flower Mound,1/24/2026 12:00 PM,1/24/2026 12:00 PM,0:00,0:00,0:00,"Kimberly Sanchez, LME",,Open,Female,shorton@example.net,Yes,Skin Rejuvenation,Yes,No,Zenoti,,she is aware peel is with Kim-LO,"Diana Iampieri Cuervo, MA"
1/24/2026,11/22/2025,FLM-R7070,Christopher Manning,Laser Hair Removal-  Small Area,Flower Mound,1/24/2026 1:45 PM,1/24/2026 2:00 PM,0:15,0:15,0:00,"Diana Miranda, NP",,Open,Female,kristen66@example.org,No,Laser Hair Removal,Yes,No,Zenoti,,,"Diana Iampieri Cuervo, MA"
1/24/2026,11/22/2025,FLM-R7070,Christopher Manning,LHR - S - Underarms,Flower Mound,1/24/2026 1:45 PM,1/24/2026 1:45 PM,0:00,0:00,0:00,"Diana Miranda, NP",,Open,Female,kristen66@example.org,Yes,Laser Hair Removal,Yes,No,Zenoti,,,"Diana Iampieri Cuervo, MA"
1/24/2026,1/16/2026,FLM-R8287,Rebecca Farmer,VIO Signature Facial,Flower Mound,1/24/2026 2:00 PM,1/24/2026 3:00 PM,1:00,1:00,0:00,"Adriene Hernandez, LME",,Open,Female,wallen@example.com,No,Spa Services,No,No,Zenoti-Mobile,,,"Adriene Hernandez, LME"
1/24/2026,1/19/2026,FLM-R8332,Kelly Clements,HydraFacial,Flower Mound,1/24/2026 1:00 PM,1/24/2026 2:00 PM,1:00,1:00,0:00,"Adriene Hernandez, LME",,Open,Female,natasha19@example.com,No,Spa Services,No,No,Zenoti,,no preference on provider-LO,Lauren Oxley
1/23/2026,1/9/2026,FLM-R8068,Alex Boyer,Two-Week Follow-Up for Wrinkle Relaxer Enhancement,Flower Mound,1/23/2026 10:00 AM,1/23/2026 10:15 AM,0:15,0:15,0:00,"Diana Miranda, NP",,Open,Female,hobbskimberly@example.net,No,Injectables,Yes,No,Zenoti,,,Marley Leach
1/23/2026,1/16/2026,FLM-R8276,Jesse Walter,Consultation - Wellness Lab Review,Flower Mound,1/23/2026 3:15 PM,1/23/2026 4:00 PM,0:45,0:45,0:00,"Diana Miranda, NP",,Open,Female,ncarson@example.com,No,Consultation,Yes,No,Zenoti,,Has Alle acct- give pts for GLP-1-LO,Marley Leach
1/23/2026,1/17/2026,FLM-R8276,Jesse Walter,GLP-1 Therapy,Flower Mound,1/23/2026 3:45 PM,1/23/2026 4:00 PM,0:15,0:15,0:00,"Diana Miranda, NP",,Open,Female,ncarson@example.com,No,Wellness,Yes,No,Zenoti,,Has Alle acct- give pts for GLP-1-LO,Marley Leach
1/23/2026,1/15/2026,FLM-R8249,Elizabeth Robinson,Numbing Time - 15 minutes,Flower Mound,1/23/2026 11:00 AM,1/23/2026 11:15 AM,0:15,0:15,0:00,"Diana Miranda, NP",,Open,Female,manuel27@example.net,No,Skin Rejuvenation,No,No,Zenoti,,"I do not see a package or payment for this. EZ Connect text states she was told 30% off for a package of 3 or 10% off for 1- Need to collect today: $1,440 for 1 session @ 10% off or $3,360 for package of 3 @ 30% off-LO","Adriene Hernandez, LME"
1/23/2026,12/31/2025,FLM-R7882,Benjamin Stewart,Lymphatic Drainage Massage,Flower Mound,1/23/2026 3:00 PM,1/23/2026 3:00 PM,0:00,0:00,0:00,"Adriene Hernandez, LME",,Open,Female,wrichards@example.com,Yes,Spa Services,Yes,No,Zenoti,,"comp signature due to guest's previous dissatisfaction with filler and puffiness (which was allergy-related as evidenced by lymphatic facial Adriene provided). If Rachel wants to continue receiving facials to relieve her puffiness, she should change to monthly facial membership or pay discounted rate w/ current membership-LO",Marley Leach
1/23/2026,1/18/2026,FLM-R8249,Elizabeth Robinson,RF Microneedling-  Face & Neck (Morpheus8),Flower Mound,1/23/2026 12:00 PM,1/23/2026 12:00 PM,0:00,0:00,0:00,"Diana Miranda, NP",,Open,Female,manuel27@example.net,Yes,Skin Rejuvenation,No,No,Zenoti,,"I do not see a package or payment for this. EZ Connect text states she was told 30% off for a package of 3 or 10% off for 1- Need to collect today: $1,440 for 1 session @ 10% off or $3,360 for package of 3 @ 30% off-LO",Lauren Oxley
1/23/2026,1/15/2026,FLM-R8249,Elizabeth Robinson,RF Microneedling - Morpheus8,Flower Mound,1/23/2026 12:00 PM,1/23/2026 1:15 PM,1:15,1:15,0:00,"Diana Miranda, NP",,Open,Female,manuel27@example.net,No,Skin Rejuvenation,No,No,Zenoti,,"I do not see a package or payment for this. EZ Connect text states she was told 30% off for a package of 3 or 10% off for 1- Need to collect today: $1,440 for 1 session @ 10% off or $3,360 for package of 3 @ 30% off-LO","Adriene Hernandez, LME"
1/23/2026,12/31/2025,FLM-R7882,Benjamin Stewart,VIO Signature Facial,Flower Mound,1/23/2026 3:00 PM,1/23/2026 4:15 PM,1:15,1:15,0:00,"Adriene Hernandez, LME",,Open,Female,wrichards@example.com,No,Spa Services,Yes,No,Zenoti,,"comp signature due to guest's previous dissatisfaction with filler and puffiness (which was allergy-related as evidenced by lymphatic facial Adriene provided). If Rachel wants to continue receiving facials to relieve her puffiness, she should change to monthly facial membership or pay discounted rate w/ current membership-LO",Marley Leach
1/23/2026,11/25/2025,FLM-R7136,Janet Nelson,Laser Hair Removal-  Small Area,Flower Mound,1/23/2026 2:00 PM,1/23/2026 2:15 PM,0:15,0:15,0:00,"Diana Miranda, NP",,Open,Female,sbell@example.org,No,Laser Hair Removal,Yes,No,Zenoti,,,Lauren Oxley
1/23/2026,11/25/2025,FLM-R7136,Janet Nelson,LHR - S - Underarms,Flower Mound,1/23/2026 2:00 PM,1/23/2026 2:00 PM,0:00,0:00,0:00,"Diana Miranda, NP",,Open,Female,sbell@example.org,Yes,Laser Hair Removal,Yes,No,Zenoti,,,Lauren Oxley
1/23/2026,11/25/2025,FLM-R7136,Janet Nelson,Laser Hair Removal - Large Area,Flower Mound,1/23/2026 2:15 PM,1/23/2026 3:30 PM,1:15,1:15,0:00,"Diana Miranda, NP",,Open,Female,sbell@example.org,No,Laser Hair Removal,Yes,No,Zenoti,,,Lauren Oxley
1/23/2026,11/25/2025,FLM-R7136,Janet Nelson,Pro-Nox,Flower Mound,1/23/2026 2:00 PM,1/23/2026 2:15 PM,0:15,0:15,0:00,"Diana Miranda, NP",,Open,Female,sbell@example.org,No,Skin Rejuvenation,Yes,No,Zenoti,,,Lauren Oxley
1/23/2026,11/25/2025,FLM-R7136,Janet Nelson,Numbing Time - 15 minutes,Flower Mound,1/23/2026 1:15 PM,1/23/2026 1:30 PM,0:15,0:15,0:00,"Diana Miranda, NP",,Open,Female,sbell@example.org,No,Skin Rejuvenation,Yes,No,Zenoti,,,Lauren Oxley
1/23/2026,11/25/2025,FLM-R7136,Janet Nelson,LHR - L - Lower Legs,Flower Mound,1/23/2026 2:15 PM,1/23/2026 2:15 PM,0:00,0:00,0:00,"Diana Miranda, NP",,Open,Female,sbell@example.org,Yes,Laser Hair Removal,Yes,No,Zenoti,,,Lauren Oxley
1/23/2026,11/25/2025,FLM-R7136,Janet Nelson,LHR - L - Full Brazilian,Flower Mound,1/23/2026 2:15 PM,1/23/2026 2:15 PM,0:00,0:00,0:00,"Diana Miranda, NP",,Open,Female,sbell@example.org,Yes,Laser Hair Removal,Yes,No,Zenoti,,,Lauren Oxley
1/22/2026,11/15/2025,FLM-R6922,William Hebert DVM,RF Microneedling - Morpheus8,Flower Mound,1/22/2026 11:15 AM,1/22/2026 12:45 PM,1:30,1:30,0:00,"Rebecca Bievenue, RN",,Open,Female,flindsey@example.org,No,Skin Rejuvenation,Yes,No,Zenoti,,,"Diana Iampieri Cuervo, MA"
1/22/2026,11/15/2025,FLM-R6922,William Hebert DVM,Numbing Time - 15 minutes,Flower Mound,1/22/2026 10:00 AM,1/22/2026 10:15 AM,0:15,0:15,0:00,"Rebecca Bievenue, RN",,Open,Female,flindsey@example.org,No,Skin Rejuvenation,Yes,No,Zenoti,,,"Diana Iampieri Cuervo, MA"
1/22/2026,11/15/2025,FLM-R6922,William Hebert DVM,RF Microneedling-  Face & Neck (Morpheus8),Flower Mound,1/22/2026 11:15 AM,1/22/2026 11:15 AM,0:00,0:00,0:00,"Rebecca Bievenue, RN",,Open,Female,flindsey@example.org,Yes,Skin Rejuvenation,Yes,No,Zenoti,,,"Diana Iampieri Cuervo, MA"
1/22/2026,11/20/2025,FLM-R7035,Michael Wood,Laser Hair Removal - Extra Large Area,Flower Mound,1/22/2026 6:00 PM,1/22/2026 6:30 PM,0:30,0:30,0:00,"Diana Miranda, NP",,Open,Female,haley04@example.org,No,Laser Hair Removal,Yes,No,Zenoti,,"Her last LHR appts took under 45 mins total, so time was shortened","Adriene Hernandez, LME"
1/22/2026,11/20/2025,FLM-R7035,Michael Wood,Numbing Time - 15 minutes,Flower Mound,1/22/2026 4:30 PM,1/22/2026 4:45 PM,0:15,0:15,0:00,"Diana Miranda, NP",,Open,Female,haley04@example.org,No,Skin Rejuvenation,Yes,No,Zenoti,,"Her last LHR appts took under 45 mins total, so time was shortened","Adriene Hernandez, LME"
1/22/2026,11/20/2025,FLM-R7035,Michael Wood,LHR - XS - Upper Lip & Chin,Flower Mound,1/22/2026 5:30 PM,1/22/2026 5:30 PM,0:00,0:00,0:00,"Diana Miranda, NP",,Open,Female,haley04@example.org,Yes,Laser Hair Removal,Yes,No,Zenoti,,"Her last LHR appts took under 45 mins total, so time was shortened","Adriene Hernandez, LME"
1/22/2026,11/20/2025,FLM-R7035,Michael Wood,Laser Hair Removal - Extra Small Area,Flower Mound,1/22/2026 5:30 PM,1/22/2026 5:45 PM,0:15,0:15,0:00,"Diana Miranda, NP",,Open,Female,haley04@example.org,No,Laser Hair Removal,Yes,No,Zenoti,,"Her last LHR appts took under 45 mins total, so time was shortened","Adriene Hernandez, LME"
1/22/2026,11/20/2025,FLM-R7035,Michael Wood,Laser Hair Removal-  Small Area,Flower Mound,1/22/2026 5:45 PM,1/22/2026 6:00 PM,0:15,0:15,0:00,"Diana Miranda, NP",,Open,Female,haley04@example.org,No,Laser Hair Removal,Yes,No,Zenoti,,"Her last LHR appts took under 45 mins total, so time was shortened","Adriene Hernandez, LME"
1/22/2026,11/20/2025,FLM-R7035,Michael Wood,LHR - S - Underarms,Flower Mound,1/22/2026 5:45 PM,1/22/2026 5:45 PM,0:00,0:00,0:00,"Diana Miranda, NP",,Open,Female,haley04@example.org,Yes,Laser Hair Removal,Yes,No,Zenoti,,"Her last LHR appts took under 45 mins total, so time was shortened","Adriene Hernandez, LME"
1/22/2026,11/20/2025,FLM-R7035,Michael Wood,LHR - XL - Full Legs,Flower Mound,1/22/2026 6:00 PM,1/22/2026 6:00 PM,0:00,0:00,0:00,"Diana Miranda, NP",,Open,Female,haley04@example.org,Yes,Laser Hair Removal,Yes,No,Zenoti,,"Her last LHR appts took under 45 mins total, so time was shortened","Adriene Hernandez, LME"
1/22/2026,12/19/2025,FLM-R7645,Jennifer Cooper,PRP Microneedling - Face,Flower Mound,1/22/2026 3:00 PM,1/22/2026 4:15 PM,1:15,1:15,0:00,"Diana Miranda, NP",,Open,Female,judysmith@example.com,No,Skin Rejuvenation,Yes,No,Zenoti,,,"Adriene Hernandez, LME"
1/22/2026,12/20/2025,FLM-R7663,Daniel Martin,HydraFacial,Flower Mound,1/22/2026 5:45 PM,1/22/2026 7:00 PM,1:15,1:15,0:00,"Kimberly Sanchez, LME",,Open,Female,vaughnryan@example.net,No,Spa Services,Yes,No,Zenoti,,,Marley Leach
1/22/2026,12/20/2025,FLM-R7663,Daniel Martin,Dermaplane - (Add-On) 15 Minutes Extra,Flower Mound,1/22/2026 5:45 PM,1/22/2026 5:45 PM,0:00,0:00,0:00,"Kimberly Sanchez, LME",,Open,Female,vaughnryan@example.net,Yes,Spa Services,Yes,No,Zenoti,,,Marley Leach
1/22/2026,12/8/2025,FLM-R7377,Brian Brown,Consultation - Spa Services,Flower Mound,1/22/2026 12:00 PM,1/22/2026 12:30 PM,0:30,0:30,0:00,Lauren Oxley,,Open,Female,jennifercooper@example.net,No,Consultation,No,No,Zenoti,,"no alle, aspire, or evolus",Role May Yaoyao Bayron
1/22/2026,1/7/2026,FLM-R8017,Sean Johnson,Two-Week Follow-Up for Wrinkle Relaxer Enhancement,Flower Mound,1/22/2026 4:45 PM,1/22/2026 5:00 PM,0:15,0:15,0:00,"Diana Miranda, NP",,Open,Female,ashleyholt@example.com,No,Injectables,Yes,No,Zenoti,,lip filler follow up-LO,Marley Leach
1/22/2026,1/8/2026,FLM-R8047,Matthew Bright,Wrinkle Relaxer (Botox/Dysport/Xeomin/Jeuveau/Daxxify),Flower Mound,1/22/2026 1:15 PM,1/22/2026 1:45 PM,0:30,0:30,0:00,"Rebecca Bievenue, RN",,Open,Female,katieclark@example.org,No,Injectables,Yes,No,Zenoti,,alle- botox $65 coupon-LO,Lauren Oxley
1/22/2026,1/7/2026,FLM-R8016,Jackson Gonzales,Wrinkle Relaxer (Botox/Dysport/Xeomin/Jeuveau/Daxxify),Flower Mound,1/22/2026 4:30 PM,1/22/2026 5:00 PM,0:30,0:30,0:00,"Rebecca Bievenue, RN",,Open,Female,mluna@example.net,No,Injectables,No,No,Zenoti,,"wants dysport, has questions about filler as well, talked with marley about membership",Marley Leach
1/22/2026,1/7/2026,FLM-R8016,Jackson Gonzales,Good Faith Exam - 15 Minutes,Flower Mound,1/22/2026 3:45 PM,1/22/2026 4:00 PM,0:15,0:15,0:00,"Rebecca Bievenue, RN",,Open,Female,mluna@example.net,No,Consultation,No,No,Zenoti,,"wants dysport, has questions about filler as well, talked with marley about membership",Marley Leach
1/22/2026,1/7/2026,FLM-R8016,Jackson Gonzales,Consultation - Aesthetic Injectables,Flower Mound,1/22/2026 4:00 PM,1/22/2026 4:30 PM,0:30,0:30,0:00,"Rebecca Bievenue, RN",,Open,Female,mluna@example.net,No,Consultation,No,No,Zenoti,,"wants dysport, has questions about filler as well, talked with marley about membership",Marley Leach
1/22/2026,12/19/2025,FLM-R7645,Jennifer Cooper,Numbing Time - 15 minutes,Flower Mound,1/22/2026 2:00 PM,1/22/2026 2:15 PM,0:15,0:15,0:00,"Diana Miranda, NP",,Open,Female,judysmith@example.com,No,Skin Rejuvenation,Yes,No,Zenoti,,,"Adriene Hernandez, LME"
1/22/2026,1/14/2026,FLM-R8198,Christopher Brown,Virtual Good Faith Exam,Flower Mound,1/22/2026 4:00 PM,1/22/2026 4:15 PM,0:15,0:15,0:00,Lauren Oxley,,Open,Female,samanthahowe@example.net,No,Consultation,No,No,Zenoti,,,"Adriene Hernandez, LME"
1/22/2026,1/14/2026,FLM-R8198,Christopher Brown,Microneedling - Face,Flower Mound,1/22/2026 4:45 PM,1/22/2026 5:45 PM,1:00,1:00,0:00,"Kimberly Sanchez, LME",,Open,Female,samanthahowe@example.net,No,Skin Rejuvenation,No,No,Zenoti,,,"Adriene Hernandez, LME"
1/22/2026,1/14/2026,FLM-R8198,Christopher Brown,Numbing Time - 15 minutes,Flower Mound,1/22/2026 4:15 PM,1/22/2026 4:30 PM,0:15,0:15,0:00,"Kimberly Sanchez, LME",,Open,Female,samanthahowe@example.net,No,Skin Rejuvenation,No,No,Zenoti,,,"Adriene Hernandez, LME"
1/22/2026,1/15/2026,FLM-R8246,Jennifer Gallagher,Wrinkle Relaxer (Botox/Dysport/Xeomin/Jeuveau/Daxxify),Flower Mound,1/22/2026 2:00 PM,1/22/2026 2:30 PM,0:30,0:30,0:00,"Rebecca Bievenue, RN",,Open,Female,baxternicholas@example.net,No,Injectables,Yes,No,Zenoti,,"purchasing buy 2, get 1 sculptra, possibly IPL x 3 face @ 40% off, lip flip and WR upper face-LO",Lauren Oxley
1/22/2026,1/15/2026,FLM-R8246,Jennifer Gallagher,Lip Flip/ Small Area,Flower Mound,1/22/2026 1:45 PM,1/22/2026 2:00 PM,0:15,0:15,0:00,"Rebecca Bievenue, RN",,Open,Female,baxternicholas@example.net,No,Injectables,Yes,No,Zenoti,,"purchasing buy 2, get 1 sculptra, possibly IPL x 3 face @ 40% off, lip flip and WR upper face-LO",Lauren Oxley
1/22/2026,1/15/2026,FLM-R8246,Jennifer Gallagher,Sculptra - Promotional,Flower Mound,1/22/2026 2:30 PM,1/22/2026 3:15 PM,0:45,0:45,0:00,"Rebecca Bievenue, RN",,Open,Female,baxternicholas@example.net,No,Injectables,Yes,No,Zenoti,,"purchasing buy 2, get 1 sculptra, possibly IPL x 3 face @ 40% off, lip flip and WR upper face-LO",Lauren Oxley
1/22/2026,1/16/2026,FLM-R8281,Micheal Livingston,GLP-1 Therapy,Flower Mound,1/22/2026 2:45 PM,1/22/2026 3:00 PM,0:15,0:15,0:00,"Diana Miranda, NP",,Open,Female,michael00@example.net,No,Wellness,Yes,No,Zenoti,,sculptra,Marley Leach
1/22/2026,1/16/2026,FLM-R8281,Micheal Livingston,Consultation - Aesthetic Injectables,Flower Mound,1/22/2026 2:15 PM,1/22/2026 2:45 PM,0:30,0:30,0:00,"Diana Miranda, NP",,Open,Female,michael00@example.net,No,Consultation,Yes,No,Zenoti,,sculptra,Marley Leach
1/21/2026,12/18/2025,FLM-R7612,Scott Green,GLP-1 Therapy,Flower Mound,1/21/2026 2:00 PM,1/21/2026 2:15 PM,0:15,0:15,0:00,"Diana Miranda, NP",,Open,Female,ryangarcia@example.net,No,Wellness,Yes,No,Zenoti,,,"Kimberly Sanchez, LME"
1/21/2026,12/18/2025,FLM-R7612,Scott Green,Consultation - Wellness Lab Review,Flower Mound,1/21/2026 2:15 PM,1/21/2026 3:00 PM,0:45,0:45,0:00,"Diana Miranda, NP",,Open,Female,ryangarcia@example.net,No,Consultation,Yes,No,Zenoti,,,"Kimberly Sanchez, LME"
1/21/2026,12/23/2025,FLM-R7745,Christy Anderson,VIO Signature Facial,Flower Mound,1/21/2026 3:45 PM,1/21/2026 4:45 PM,1:00,1:00,0:00,"Kimberly Sanchez, LME",,Open,Female,andrewjohnson@example.com,No,Spa Services,Yes,No,Zenoti,,,Lauren Oxley
1/21/2026,1/3/2026,FLM-R7929,Luis Diaz,Two-Week Follow-Up for Wrinkle Relaxer Enhancement,Flower Mound,1/21/2026 10:15 AM,1/21/2026 10:30 AM,0:15,0:15,0:00,"Diana Miranda, NP",,Open,Female,hogannicholas@example.com,No,Injectables,Yes,No,Zenoti,,,Marley Leach
1/21/2026,12/10/2025,FLM-R7415,Danielle Parker,HydraFacial,Flower Mound,1/21/2026 10:00 AM,1/21/2026 11:00 AM,1:00,1:00,0:00,"Kimberly Sanchez, LME",,Open,Not provided,rileyhunter@example.com,No,Spa Services,Yes,No,Zenoti,,"has alle, no aspire or evolus","Adriene Hernandez, LME"
1/21/2026,1/6/2026,FLM-R7981,Mark Johnson,Two-Week Follow-Up for Wrinkle Relaxer Enhancement,Flower Mound,1/21/2026 12:00 PM,1/21/2026 12:15 PM,0:15,0:15,0:00,"Diana Miranda, NP",,Open,Female,brandon70@example.org,No,Injectables,Yes,No,Zenoti,,,"Adriene Hernandez, LME"
1/21/2026,1/7/2026,FLM-R8011,Lisa Grant,Two-Week Follow-Up for Wrinkle Relaxer Enhancement,Flower Mound,1/21/2026 11:45 AM,1/21/2026 12:00 PM,0:15,0:15,0:00,"Diana Miranda, NP",,Open,Female,hmills@example.org,No,Injectables,Yes,No,Zenoti,,,Marley Leach
1/21/2026,1/8/2026,FLM-R8040,Brenda Harrington,GLP-1 Therapy,Flower Mound,1/21/2026 10:30 AM,1/21/2026 10:45 AM,0:15,0:15,0:00,"Diana Miranda, NP",,Open,Female,hallcharles@example.net,No,Wellness,Yes,No,Zenoti,,,Lauren Oxley
1/21/2026,1/17/2026,FLM-R8312,Rachel Brown,HydraFacial,Flower Mound,1/21/2026 2:30 PM,1/21/2026 3:45 PM,1:15,1:15,0:00,"Adriene Hernandez, LME",,Open,Female,vdiaz@example.com,No,Spa Services,Yes,No,Zenoti,,extra time for consult- $169 intro facial (no dermaplane- she does not like that) and she will likely sign up for membership-LO,Lauren Oxley
1/20/2026,11/15/2025,FLM-R6912,Richard Lowe,LHR - S - Underarms,Flower Mound,1/20/2026 5:15 PM,1/20/2026 5:15 PM,0:00,0:00,0:00,"Rebecca Bievenue, RN",,Open,Female,james22@example.com,Yes,Laser Hair Removal,Yes,No,Zenoti,,,"Diana Iampieri Cuervo, MA"
1/20/2026,11/15/2025,FLM-R6912,Richard Lowe,LHR - L - Full Brazilian,Flower Mound,1/20/2026 4:15 PM,1/20/2026 4:15 PM,0:00,0:00,0:00,"Rebecca Bievenue, RN",,Open,Female,james22@example.com,Yes,Laser Hair Removal,Yes,No,Zenoti,,,"Diana Iampieri Cuervo, MA"
1/20/2026,11/15/2025,FLM-R6912,Richard Lowe,Laser Hair Removal - Large Area,Flower Mound,1/20/2026 4:15 PM,1/20/2026 5:15 PM,1:00,1:00,0:00,"Rebecca Bievenue, RN",,Open,Female,james22@example.com,No,Laser Hair Removal,Yes,No,Zenoti,,,"Diana Iampieri Cuervo, MA"
1/20/2026,11/15/2025,FLM-R6912,Richard Lowe,Laser Hair Removal-  Small Area,Flower Mound,1/20/2026 5:15 PM,1/20/2026 5:30 PM,0:15,0:15,0:00,"Rebecca Bievenue, RN",,Open,Female,james22@example.com,No,Laser Hair Removal,Yes,No,Zenoti,,,"Diana Iampieri Cuervo, MA"
1/20/2026,11/15/2025,FLM-R6912,Richard Lowe,LHR - L - Lower Legs,Flower Mound,1/20/2026 4:15 PM,1/20/2026 4:15 PM,0:00,0:00,0:00,"Rebecca Bievenue, RN",,Open,Female,james22@example.com,Yes,Laser Hair Removal,Yes,No,Zenoti,,,"Diana Iampieri Cuervo, MA"
1/20/2026,1/8/2026,FLM-R8041,Brenda Harrington,HydraFacial,Flower Mound,1/20/2026 3:30 PM,1/20/2026 4:30 PM,1:00,1:00,0:00,"Kimberly Sanchez, LME",,Open,Female,hallcharles@example.net,No,Spa Services,Yes,No,Zenoti,,,Lauren Oxley
1/20/2026,12/4/2025,FLM-R7294,Elizabeth Brooks,HydraFacial,Flower Mound,1/20/2026 11:00 AM,1/20/2026 12:00 PM,1:00,1:00,0:00,"Kimberly Sanchez, LME",,Open,Female,velazquezjerome@example.com,No,Spa Services,Yes,No,Zenoti,,,Lauren Oxley
1/20/2026,1/14/2026,FLM-R8220,Timothy Johnson,Virtual Good Faith Exam,Flower Mound,1/20/2026 12:00 PM,1/20/2026 12:15 PM,0:15,0:15,0:00,"Rebecca Bievenue, RN",,Open,Female,todd21@example.com,No,Consultation,No,No,Zenoti,,"No Alle pts, No Aspire pts, has $40 Evolus-LO",Kishor Patil
1/20/2026,1/14/2026,FLM-R8220,Timothy Johnson,Dysport,Flower Mound,1/20/2026 12:15 PM,1/20/2026 12:15 PM,0:00,0:00,0:00,"Rebecca Bievenue, RN",,Open,Female,todd21@example.com,Yes,Injectables,No,No,Zenoti,,"No Alle pts, No Aspire pts, has $40 Evolus-LO",Kishor Patil
1/20/2026,1/14/2026,FLM-R8220,Timothy Johnson,Wrinkle Relaxer (Botox/Dysport/Xeomin/Jeuveau/Daxxify),Flower Mound,1/20/2026 12:15 PM,1/20/2026 12:45 PM,0:30,0:30,0:00,"Rebecca Bievenue, RN",,Open,Female,todd21@example.com,No,Injectables,No,No,Zenoti,,"No Alle pts, No Aspire pts, has $40 Evolus-LO",Kishor Patil
1/20/2026,1/15/2026,FLM-R8244,Jennifer Gallagher,Consultation - Spa Services,Flower Mound,1/20/2026 1:00 PM,1/20/2026 1:15 PM,0:15,0:15,0:00,"Adriene Hernandez, LME",,Open,Female,baxternicholas@example.net,No,Consultation,Yes,No,Zenoti,,already consulted with lauren/michelle- needs guidance on skincare and which facial is best-LO,Lauren Oxley
1/20/2026,1/15/2026,FLM-R8244,Jennifer Gallagher,HydraFacial,Flower Mound,1/20/2026 1:15 PM,1/20/2026 2:15 PM,1:00,1:00,0:00,"Adriene Hernandez, LME",,Open,Female,baxternicholas@example.net,No,Spa Services,Yes,No,Zenoti,,already consulted with lauren/michelle- needs guidance on skincare and which facial is best-LO,Lauren Oxley
1/19/2026,1/15/2026,FLM-R8260,Angela Mcclain,Virtual Good Faith Exam,Flower Mound,1/19/2026 4:30 PM,1/19/2026 4:45 PM,0:15,0:15,0:00,"Michelle Henson-Babbitt, RN",,Open,Not provided,andrewdavis@example.net,No,Consultation,No,No,Zenoti,,"$20 Aspire, No Alle pts, No Evolus acct-LO",Role May Yaoyao Bayron
1/19/2026,1/15/2026,FLM-R8260,Angela Mcclain,Wrinkle Relaxer (Botox/Dysport/Xeomin/Jeuveau/Daxxify),Flower Mound,1/19/2026 4:00 PM,1/19/2026 4:30 PM,0:30,0:30,0:00,"Michelle Henson-Babbitt, RN",,Open,Not provided,andrewdavis@example.net,No,Injectables,No,No,Zenoti,,"$20 Aspire, No Alle pts, No Evolus acct-LO",Role May Yaoyao Bayron
1/19/2026,12/15/2025,FLM-R7539,William Beck,LHR - XS - Upper Lip & Chin,Flower Mound,1/19/2026 6:15 PM,1/19/2026 6:15 PM,0:00,0:00,0:00,"Michelle Henson-Babbitt, RN",,Open,Not provided,stacyoneal@example.org,Yes,Laser Hair Removal,Yes,No,Zenoti,,**Intake Form never completed- please have her complete it in spa**-LO,Lauren Oxley
1/19/2026,12/15/2025,FLM-R7539,William Beck,Laser Hair Removal - Extra Small Area,Flower Mound,1/19/2026 6:15 PM,1/19/2026 6:30 PM,0:15,0:15,0:00,"Michelle Henson-Babbitt, RN",,Open,Not provided,stacyoneal@example.org,No,Laser Hair Removal,Yes,No,Zenoti,,**Intake Form never completed- please have her complete it in spa**-LO,Lauren Oxley
1/19/2026,1/17/2026,FLM-R8292,Micheal Baker,vPromotional -  Botox,Flower Mound,1/19/2026 6:00 PM,1/19/2026 6:00 PM,0:00,0:00,0:00,"Michelle Henson-Babbitt, RN",,Open,Female,jessica15@example.com,Yes,Injectables,No,No,Zenoti,,**If time allows- platysmal bands so morpheus results are more noticeable for before/afters** - have a lot of Alle pts-LO,Lauren Oxley
1/19/2026,1/17/2026,FLM-R8292,Micheal Baker,Wrinkle Relaxer (Botox/Dysport/Xeomin/Jeuveau/Daxxify),Flower Mound,1/19/2026 6:00 PM,1/19/2026 6:15 PM,0:15,0:15,0:00,"Michelle Henson-Babbitt, RN",,Open,Female,jessica15@example.com,No,Injectables,No,No,Zenoti,,**If time allows- platysmal bands so morpheus results are more noticeable for before/afters** - have a lot of Alle pts-LO,Lauren Oxley
1/19/2026,1/15/2026,FLM-R8242,Dawn Wilson,General Dermal Filler,Flower Mound,1/19/2026 3:15 PM,1/19/2026 4:00 PM,0:45,0:45,0:00,"Michelle Henson-Babbitt, RN",,Open,Not provided,sarah89@example.org,No,Injectables,No,No,Zenoti,,"$20 on aspire, no alle or evolus","Adriene Hernandez, LME"